Using pre-set license
Built from '2021.3/staging' branch; Version is '2021.3.18f1 (3129e69bc0c7) revision 3221990'; Using compiler version '192829333'; Build Type 'Release'
OS: 'Windows 11  (10.0.22000) 64bit Core' Language: 'en' Physical Memory: 7927 MB
BatchMode: 1, IsHumanControllingUs: 0, StartBugReporterOnCrash: 0, Is64bit: 1, IsPro: 1

COMMAND LINE ARGUMENTS:
C:\Program Files\Unity\Hub\Editor\2021.3.18f1\Editor\Unity.exe
-adb2
-batchMode
-noUpm
-name
AssetImportWorker2
-projectPath
C:/Users/Grant/Desktop/School_ODU/Senior_Spring/gamedevelopment/ProgramAssignments/P3/Super Mario/Super Mario
-logFile
Logs/AssetImportWorker2.log
-srvPort
56226
Successfully changed project path to: C:/Users/Grant/Desktop/School_ODU/Senior_Spring/gamedevelopment/ProgramAssignments/P3/Super Mario/Super Mario
C:/Users/Grant/Desktop/School_ODU/Senior_Spring/gamedevelopment/ProgramAssignments/P3/Super Mario/Super Mario
[UnityMemory] Configuration Parameters - Can be set up in boot.config
    "memorysetup-bucket-allocator-granularity=16"
    "memorysetup-bucket-allocator-bucket-count=8"
    "memorysetup-bucket-allocator-block-size=33554432"
    "memorysetup-bucket-allocator-block-count=8"
    "memorysetup-main-allocator-block-size=16777216"
    "memorysetup-thread-allocator-block-size=16777216"
    "memorysetup-gfx-main-allocator-block-size=16777216"
    "memorysetup-gfx-thread-allocator-block-size=16777216"
    "memorysetup-cache-allocator-block-size=4194304"
    "memorysetup-typetree-allocator-block-size=2097152"
    "memorysetup-profiler-bucket-allocator-granularity=16"
    "memorysetup-profiler-bucket-allocator-bucket-count=8"
    "memorysetup-profiler-bucket-allocator-block-size=33554432"
    "memorysetup-profiler-bucket-allocator-block-count=8"
    "memorysetup-profiler-allocator-block-size=16777216"
    "memorysetup-profiler-editor-allocator-block-size=1048576"
    "memorysetup-temp-allocator-size-main=16777216"
    "memorysetup-job-temp-allocator-block-size=2097152"
    "memorysetup-job-temp-allocator-block-size-background=1048576"
    "memorysetup-job-temp-allocator-reduction-small-platforms=262144"
    "memorysetup-temp-allocator-size-background-worker=32768"
    "memorysetup-temp-allocator-size-job-worker=262144"
    "memorysetup-temp-allocator-size-preload-manager=33554432"
    "memorysetup-temp-allocator-size-nav-mesh-worker=65536"
    "memorysetup-temp-allocator-size-audio-worker=65536"
    "memorysetup-temp-allocator-size-cloud-worker=32768"
    "memorysetup-temp-allocator-size-gi-baking-worker=262144"
    "memorysetup-temp-allocator-size-gfx=262144"
Player connection [94044] Host "[IP] 10.254.234.1 [Port] 0 [Flags] 2 [Guid] 2208156337 [EditorId] 2208156337 [Version] 1048832 [Id] WindowsEditor(7,GTRUCK) [Debug] 1 [PackageName] WindowsEditor [ProjectName] Editor" joined multi-casting on [225.0.0.222:54997]...

Player connection [94044] Host "[IP] 10.254.234.1 [Port] 0 [Flags] 2 [Guid] 2208156337 [EditorId] 2208156337 [Version] 1048832 [Id] WindowsEditor(7,GTRUCK) [Debug] 1 [PackageName] WindowsEditor [ProjectName] Editor" joined alternative multi-casting on [225.0.0.222:34997]...

Refreshing native plugins compatible for Editor in 115.42 ms, found 2 plugins.
Preloading 0 native plugins for Editor in 0.00 ms.
Initialize engine version: 2021.3.18f1 (3129e69bc0c7)
[Subsystems] Discovering subsystems at path C:/Program Files/Unity/Hub/Editor/2021.3.18f1/Editor/Data/Resources/UnitySubsystems
[Subsystems] Discovering subsystems at path C:/Users/Grant/Desktop/School_ODU/Senior_Spring/gamedevelopment/ProgramAssignments/P3/Super Mario/Super Mario/Assets
GfxDevice: creating device client; threaded=0; jobified=0
Direct3D:
    Version:  Direct3D 11.0 [level 11.1]
    Renderer: NVIDIA GeForce GTX 1050 Ti with Max-Q Design (ID=0x1c8c)
    Vendor:   NVIDIA
    VRAM:     4021 MB
    Driver:   31.0.15.1700
Initialize mono
Mono path[0] = 'C:/Program Files/Unity/Hub/Editor/2021.3.18f1/Editor/Data/Managed'
Mono path[1] = 'C:/Program Files/Unity/Hub/Editor/2021.3.18f1/Editor/Data/MonoBleedingEdge/lib/mono/unityjit-win32'
Mono config path = 'C:/Program Files/Unity/Hub/Editor/2021.3.18f1/Editor/Data/MonoBleedingEdge/etc'
Using monoOptions --debugger-agent=transport=dt_socket,embedding=1,server=y,suspend=n,address=127.0.0.1:56884
Begin MonoManager ReloadAssembly
Registering precompiled unity dll's ...
Register platform support module: C:/Program Files/Unity/Hub/Editor/2021.3.18f1/Editor/Data/PlaybackEngines/WebGLSupport/UnityEditor.WebGL.Extensions.dll
Register platform support module: C:/Program Files/Unity/Hub/Editor/2021.3.18f1/Editor/Data/PlaybackEngines/WindowsStandaloneSupport/UnityEditor.WindowsStandalone.Extensions.dll
Registered in 0.010860 seconds.
Native extension for WindowsStandalone target not found
Native extension for WebGL target not found
Refreshing native plugins compatible for Editor in 48.03 ms, found 2 plugins.
Preloading 0 native plugins for Editor in 0.00 ms.
Mono: successfully reloaded assembly
- Completed reload, in  0.764 seconds
Domain Reload Profiling:
	ReloadAssembly (765ms)
		BeginReloadAssembly (152ms)
			ExecutionOrderSort (0ms)
			DisableScriptedObjects (0ms)
			BackupInstance (0ms)
			ReleaseScriptingObjects (0ms)
			CreateAndSetChildDomain (1ms)
		EndReloadAssembly (466ms)
			LoadAssemblies (150ms)
			RebuildTransferFunctionScriptingTraits (0ms)
			SetupTypeCache (119ms)
			ReleaseScriptCaches (0ms)
			RebuildScriptCaches (31ms)
			SetupLoadedEditorAssemblies (259ms)
				LogAssemblyErrors (0ms)
				InitializePlatformSupportModulesInManaged (9ms)
				SetLoadedEditorAssemblies (0ms)
				RefreshPlugins (48ms)
				BeforeProcessingInitializeOnLoad (1ms)
				ProcessInitializeOnLoadAttributes (149ms)
				ProcessInitializeOnLoadMethodAttributes (50ms)
				AfterProcessingInitializeOnLoad (0ms)
				EditorAssembliesLoaded (0ms)
			ExecutionOrderSort2 (0ms)
			AwakeInstancesAfterBackupRestoration (0ms)
Platform modules already initialized, skipping
Registering precompiled user dll's ...
Registered in 0.021746 seconds.
Begin MonoManager ReloadAssembly
Native extension for WindowsStandalone target not found
Native extension for WebGL target not found
Refreshing native plugins compatible for Editor in 0.64 ms, found 2 plugins.
Preloading 0 native plugins for Editor in 0.00 ms.
Mono: successfully reloaded assembly
- Completed reload, in  1.193 seconds
Domain Reload Profiling:
	ReloadAssembly (1194ms)
		BeginReloadAssembly (135ms)
			ExecutionOrderSort (0ms)
			DisableScriptedObjects (7ms)
			BackupInstance (0ms)
			ReleaseScriptingObjects (0ms)
			CreateAndSetChildDomain (21ms)
		EndReloadAssembly (926ms)
			LoadAssemblies (144ms)
			RebuildTransferFunctionScriptingTraits (0ms)
			SetupTypeCache (224ms)
			ReleaseScriptCaches (0ms)
			RebuildScriptCaches (49ms)
			SetupLoadedEditorAssemblies (477ms)
				LogAssemblyErrors (0ms)
				InitializePlatformSupportModulesInManaged (7ms)
				SetLoadedEditorAssemblies (0ms)
				RefreshPlugins (1ms)
				BeforeProcessingInitializeOnLoad (81ms)
				ProcessInitializeOnLoadAttributes (232ms)
				ProcessInitializeOnLoadMethodAttributes (146ms)
				AfterProcessingInitializeOnLoad (9ms)
				EditorAssembliesLoaded (0ms)
			ExecutionOrderSort2 (0ms)
			AwakeInstancesAfterBackupRestoration (7ms)
Platform modules already initialized, skipping
========================================================================
Worker process is ready to serve import requests
Launched and connected shader compiler UnityShaderCompiler.exe after 0.05 seconds
Refreshing native plugins compatible for Editor in 1.27 ms, found 2 plugins.
Preloading 0 native plugins for Editor in 0.00 ms.
Unloading 2333 Unused Serialized files (Serialized files now loaded: 0)
Unloading 60 unused Assets / (57.3 KB). Loaded Objects now: 2769.
Memory consumption went from 89.9 MB to 89.8 MB.
Total: 6.463300 ms (FindLiveObjects: 0.228200 ms CreateObjectMapping: 0.122500 ms MarkObjects: 6.021200 ms  DeleteObjects: 0.090100 ms)

AssetImportParameters requested are different than current active one (requested -> active):
  custom:video-decoder-ogg-theora: a1e56fd34408186e4bbccfd4996cb3dc -> 
  custom:container-muxer-webm: aa71ff27fc2769a1b78a27578f13a17b -> 
  custom:container-demuxer-webm: 4f35f7cbe854078d1ac9338744f61a02 -> 
  custom:video-encoder-webm-vp8: eb34c28f22e8b96e1ab97ce403110664 -> 
  custom:audio-encoder-webm-vorbis: bf7c407c2cedff20999df2af8eb42d56 -> 
  custom:framework-win-MediaFoundation: 216162199b28c13a410421893ffa2e32 -> 
  custom:container-demuxer-ogg: 62fdf1f143b41e24485cea50d1cbac27 -> 
  custom:video-decoder-webm-vp8: 9c59270c3fd7afecdb556c50c9e8de78 -> 
  custom:audio-decoder-ogg-vorbis: bf7c407c2cedff20999df2af8eb42d56 -> 
========================================================================
Received Import Request.
  Time since last request: 1981508.904716 seconds.
  path: Assets/Audio/FX
  artifactKey: Guid(4b59b232f1ce92647850d9e28d14e9d2) Importer(815301076,1909f56bfc062723c751e8b465ee728b)
Start importing Assets/Audio/FX using Guid(4b59b232f1ce92647850d9e28d14e9d2) Importer(815301076,1909f56bfc062723c751e8b465ee728b)  -> (artifact id: '9c07598c430a733da858e9dac2bfa32a') in 0.202035 seconds 
========================================================================
Received Prepare
Registering precompiled user dll's ...
Registered in 0.009954 seconds.
Begin MonoManager ReloadAssembly
Native extension for WindowsStandalone target not found
Native extension for WebGL target not found
Refreshing native plugins compatible for Editor in 1.21 ms, found 2 plugins.
Preloading 0 native plugins for Editor in 0.00 ms.
Mono: successfully reloaded assembly
- Completed reload, in  2.660 seconds
Domain Reload Profiling:
	ReloadAssembly (2662ms)
		BeginReloadAssembly (778ms)
			ExecutionOrderSort (0ms)
			DisableScriptedObjects (60ms)
			BackupInstance (0ms)
			ReleaseScriptingObjects (0ms)
			CreateAndSetChildDomain (394ms)
		EndReloadAssembly (1685ms)
			LoadAssemblies (295ms)
			RebuildTransferFunctionScriptingTraits (0ms)
			SetupTypeCache (400ms)
			ReleaseScriptCaches (2ms)
			RebuildScriptCaches (182ms)
			SetupLoadedEditorAssemblies (837ms)
				LogAssemblyErrors (0ms)
				InitializePlatformSupportModulesInManaged (30ms)
				SetLoadedEditorAssemblies (2ms)
				RefreshPlugins (1ms)
				BeforeProcessingInitializeOnLoad (133ms)
				ProcessInitializeOnLoadAttributes (380ms)
				ProcessInitializeOnLoadMethodAttributes (274ms)
				AfterProcessingInitializeOnLoad (17ms)
				EditorAssembliesLoaded (0ms)
			ExecutionOrderSort2 (0ms)
			AwakeInstancesAfterBackupRestoration (12ms)
Platform modules already initialized, skipping
Refreshing native plugins compatible for Editor in 11.33 ms, found 2 plugins.
Preloading 0 native plugins for Editor in 0.00 ms.
Unloading 2328 Unused Serialized files (Serialized files now loaded: 0)
Unloading 49 unused Assets / (32.8 KB). Loaded Objects now: 2772.
Memory consumption went from 89.6 MB to 89.6 MB.
Total: 9.809700 ms (FindLiveObjects: 0.521800 ms CreateObjectMapping: 0.235100 ms MarkObjects: 8.983300 ms  DeleteObjects: 0.068300 ms)

AssetImportParameters requested are different than current active one (requested -> active):
  custom:video-decoder-ogg-theora: a1e56fd34408186e4bbccfd4996cb3dc -> 
  custom:container-muxer-webm: aa71ff27fc2769a1b78a27578f13a17b -> 
  custom:container-demuxer-webm: 4f35f7cbe854078d1ac9338744f61a02 -> 
  custom:video-encoder-webm-vp8: eb34c28f22e8b96e1ab97ce403110664 -> 
  custom:audio-encoder-webm-vorbis: bf7c407c2cedff20999df2af8eb42d56 -> 
  custom:framework-win-MediaFoundation: 216162199b28c13a410421893ffa2e32 -> 
  custom:container-demuxer-ogg: 62fdf1f143b41e24485cea50d1cbac27 -> 
  custom:video-decoder-webm-vp8: 9c59270c3fd7afecdb556c50c9e8de78 -> 
  custom:audio-decoder-ogg-vorbis: bf7c407c2cedff20999df2af8eb42d56 -> 
========================================================================
Received Import Request.
  Time since last request: 274.283234 seconds.
  path: Assets/Scripts
  artifactKey: Guid(6ad154d5f9b37354e984fa046a301c02) Importer(815301076,1909f56bfc062723c751e8b465ee728b)
Start importing Assets/Scripts using Guid(6ad154d5f9b37354e984fa046a301c02) Importer(815301076,1909f56bfc062723c751e8b465ee728b)  -> (artifact id: '59862e7220bd808d9344906844590c5d') in 0.140821 seconds 
========================================================================
Received Import Request.
  Time since last request: 2.250754 seconds.
  path: Assets/Scripts/BackgroundParallax.cs
  artifactKey: Guid(60dd6518a1eff44a3b347b7c0a20f239) Importer(815301076,1909f56bfc062723c751e8b465ee728b)
Start importing Assets/Scripts/BackgroundParallax.cs using Guid(60dd6518a1eff44a3b347b7c0a20f239) Importer(815301076,1909f56bfc062723c751e8b465ee728b)  -> (artifact id: '4e631227eebd48bed6e33bde055e8719') in 0.060223 seconds 
========================================================================
Received Import Request.
  Time since last request: 11.098358 seconds.
  path: Assets/Scripts/BackgroundPropSpawner.cs
  artifactKey: Guid(67b461c67a1aa2a49b5a87793a6aa18c) Importer(815301076,1909f56bfc062723c751e8b465ee728b)
Start importing Assets/Scripts/BackgroundPropSpawner.cs using Guid(67b461c67a1aa2a49b5a87793a6aa18c) Importer(815301076,1909f56bfc062723c751e8b465ee728b)  -> (artifact id: '0e52d1aaba974c7af33038939cf2f037') in 0.002606 seconds 
========================================================================
Received Import Request.
  Time since last request: 297.673151 seconds.
  path: Assets/Scripts/BombPickup.cs
  artifactKey: Guid(c73e86781a6314e5e9da831a05776ed6) Importer(815301076,1909f56bfc062723c751e8b465ee728b)
Start importing Assets/Scripts/BombPickup.cs using Guid(c73e86781a6314e5e9da831a05776ed6) Importer(815301076,1909f56bfc062723c751e8b465ee728b)  -> (artifact id: 'eb20df4bfecae6c21695e667b27ee1be') in 0.004610 seconds 
========================================================================
Received Import Request.
  Time since last request: 31.627692 seconds.
  path: Assets/Animation/Controllers
  artifactKey: Guid(484cbc59092f1be4180838326c028f41) Importer(815301076,1909f56bfc062723c751e8b465ee728b)
Start importing Assets/Animation/Controllers using Guid(484cbc59092f1be4180838326c028f41) Importer(815301076,1909f56bfc062723c751e8b465ee728b)  -> (artifact id: '7c9a155e23a23b4afb3e77ce04e64280') in 0.003577 seconds 
========================================================================
Received Import Request.
  Time since last request: 3.044562 seconds.
  path: Assets/Animation/Controllers/ammo_pickup.controller
  artifactKey: Guid(07d40edf1e880482c844954892ef8780) Importer(815301076,1909f56bfc062723c751e8b465ee728b)
Start importing Assets/Animation/Controllers/ammo_pickup.controller using Guid(07d40edf1e880482c844954892ef8780) Importer(815301076,1909f56bfc062723c751e8b465ee728b)  -> (artifact id: '23e8e8b319f1031b7748d74f03036a90') in 0.337240 seconds 
========================================================================
Received Import Request.
  Time since last request: 200.478621 seconds.
  path: Assets/Audio/Music
  artifactKey: Guid(c21307eee970b5e4f9622507faf74d7f) Importer(815301076,1909f56bfc062723c751e8b465ee728b)
Start importing Assets/Audio/Music using Guid(c21307eee970b5e4f9622507faf74d7f) Importer(815301076,1909f56bfc062723c751e8b465ee728b)  -> (artifact id: '60f292af699e51637e315602660ca4c1') in 0.005871 seconds 
========================================================================
Received Import Request.
  Time since last request: 10.573187 seconds.
  path: Assets/Scripts/Tests
  artifactKey: Guid(f227068072937b749b771af5efa1d7ce) Importer(815301076,1909f56bfc062723c751e8b465ee728b)
Start importing Assets/Scripts/Tests using Guid(f227068072937b749b771af5efa1d7ce) Importer(815301076,1909f56bfc062723c751e8b465ee728b)  -> (artifact id: '11c7ead03b5face66d56f702f7bd25b9') in 0.005077 seconds 
========================================================================
Received Import Request.
  Time since last request: 19.662019 seconds.
  path: Assets/Audio/Music/MainTheme.wav
  artifactKey: Guid(317552566dd1ff9488d5d34e0c3ba4f4) Importer(815301076,1909f56bfc062723c751e8b465ee728b)
Start importing Assets/Audio/Music/MainTheme.wav using Guid(317552566dd1ff9488d5d34e0c3ba4f4) Importer(815301076,1909f56bfc062723c751e8b465ee728b)  -> (artifact id: 'e1144b92a194349ad4eca0a855c49c9c') in 0.479847 seconds 
========================================================================
Received Prepare
Registering precompiled user dll's ...
Registered in 0.008516 seconds.
Begin MonoManager ReloadAssembly
Native extension for WindowsStandalone target not found
Native extension for WebGL target not found
Refreshing native plugins compatible for Editor in 0.75 ms, found 2 plugins.
Preloading 0 native plugins for Editor in 0.00 ms.
Mono: successfully reloaded assembly
- Completed reload, in  1.711 seconds
Domain Reload Profiling:
	ReloadAssembly (1713ms)
		BeginReloadAssembly (433ms)
			ExecutionOrderSort (0ms)
			DisableScriptedObjects (36ms)
			BackupInstance (0ms)
			ReleaseScriptingObjects (0ms)
			CreateAndSetChildDomain (176ms)
		EndReloadAssembly (1103ms)
			LoadAssemblies (207ms)
			RebuildTransferFunctionScriptingTraits (0ms)
			SetupTypeCache (328ms)
			ReleaseScriptCaches (2ms)
			RebuildScriptCaches (50ms)
			SetupLoadedEditorAssemblies (543ms)
				LogAssemblyErrors (0ms)
				InitializePlatformSupportModulesInManaged (19ms)
				SetLoadedEditorAssemblies (1ms)
				RefreshPlugins (1ms)
				BeforeProcessingInitializeOnLoad (98ms)
				ProcessInitializeOnLoadAttributes (245ms)
				ProcessInitializeOnLoadMethodAttributes (170ms)
				AfterProcessingInitializeOnLoad (10ms)
				EditorAssembliesLoaded (0ms)
			ExecutionOrderSort2 (0ms)
			AwakeInstancesAfterBackupRestoration (7ms)
Platform modules already initialized, skipping
Refreshing native plugins compatible for Editor in 6.90 ms, found 2 plugins.
Preloading 0 native plugins for Editor in 0.00 ms.
Unloading 2328 Unused Serialized files (Serialized files now loaded: 0)
Unloading 49 unused Assets / (32.8 KB). Loaded Objects now: 2785.
Memory consumption went from 93.6 MB to 93.5 MB.
Total: 8.063400 ms (FindLiveObjects: 0.192200 ms CreateObjectMapping: 0.097300 ms MarkObjects: 7.503100 ms  DeleteObjects: 0.269800 ms)

AssetImportParameters requested are different than current active one (requested -> active):
  custom:video-decoder-ogg-theora: a1e56fd34408186e4bbccfd4996cb3dc -> 
  custom:container-muxer-webm: aa71ff27fc2769a1b78a27578f13a17b -> 
  custom:container-demuxer-webm: 4f35f7cbe854078d1ac9338744f61a02 -> 
  custom:video-encoder-webm-vp8: eb34c28f22e8b96e1ab97ce403110664 -> 
  custom:audio-encoder-webm-vorbis: bf7c407c2cedff20999df2af8eb42d56 -> 
  custom:framework-win-MediaFoundation: 216162199b28c13a410421893ffa2e32 -> 
  custom:container-demuxer-ogg: 62fdf1f143b41e24485cea50d1cbac27 -> 
  custom:video-decoder-webm-vp8: 9c59270c3fd7afecdb556c50c9e8de78 -> 
  custom:audio-decoder-ogg-vorbis: bf7c407c2cedff20999df2af8eb42d56 -> 
========================================================================
Received Import Request.
  Time since last request: 70.497647 seconds.
  path: Assets/Animation
  artifactKey: Guid(cb4ea186aed40ad42a816409df9fc6cb) Importer(815301076,1909f56bfc062723c751e8b465ee728b)
Start importing Assets/Animation using Guid(cb4ea186aed40ad42a816409df9fc6cb) Importer(815301076,1909f56bfc062723c751e8b465ee728b)  -> (artifact id: '425bbe93902cb49c3dfb4c7af440c381') in 0.007284 seconds 
========================================================================
Received Import Request.
  Time since last request: 103.485522 seconds.
  path: Assets/Audio/Enemy/enemy-death1.wav
  artifactKey: Guid(039514349165244c6a43be5c3070d14b) Importer(815301076,1909f56bfc062723c751e8b465ee728b)
Start importing Assets/Audio/Enemy/enemy-death1.wav using Guid(039514349165244c6a43be5c3070d14b) Importer(815301076,1909f56bfc062723c751e8b465ee728b)  -> (artifact id: '3d3a0eaa3dc2e9242db3933ee9a1d4c1') in 0.101863 seconds 
========================================================================
Received Import Request.
  Time since last request: 0.000024 seconds.
  path: Assets/Audio/Enemy/enemy-death3.wav
  artifactKey: Guid(2e20b5071623f44cf9c72acf016de4b6) Importer(815301076,1909f56bfc062723c751e8b465ee728b)
Start importing Assets/Audio/Enemy/enemy-death3.wav using Guid(2e20b5071623f44cf9c72acf016de4b6) Importer(815301076,1909f56bfc062723c751e8b465ee728b)  -> (artifact id: '8ed931fff8089d687776c0e165807ef8') in 0.012943 seconds 
========================================================================
Received Import Request.
  Time since last request: 237.875723 seconds.
  path: Assets/Audio/Music/MainTheme2.mp3
  artifactKey: Guid(9c6f6819cb3ab764b8a74f025e2a8753) Importer(815301076,1909f56bfc062723c751e8b465ee728b)
Start importing Assets/Audio/Music/MainTheme2.mp3 using Guid(9c6f6819cb3ab764b8a74f025e2a8753) Importer(815301076,1909f56bfc062723c751e8b465ee728b)  -> (artifact id: '0e91d63c17496c9b1023950f4c58d5e6') in 0.022190 seconds 
========================================================================
Received Import Request.
  Time since last request: 4.043279 seconds.
  path: Assets/Audio/Player/Jumps/Player-jump1.wav
  artifactKey: Guid(50a8d8a939a0f4e77a0dac6ecd2e582b) Importer(815301076,1909f56bfc062723c751e8b465ee728b)
Start importing Assets/Audio/Player/Jumps/Player-jump1.wav using Guid(50a8d8a939a0f4e77a0dac6ecd2e582b) Importer(815301076,1909f56bfc062723c751e8b465ee728b)  -> (artifact id: '7599912d581449eaebcdf65033dd311f') in 0.012434 seconds 
========================================================================
Received Import Request.
  Time since last request: 0.019387 seconds.
  path: Assets/Audio/Player/Jumps/Player-jump2.wav
  artifactKey: Guid(fc55d077383484ac0ad66aa17fcd746f) Importer(815301076,1909f56bfc062723c751e8b465ee728b)
Start importing Assets/Audio/Player/Jumps/Player-jump2.wav using Guid(fc55d077383484ac0ad66aa17fcd746f) Importer(815301076,1909f56bfc062723c751e8b465ee728b)  -> (artifact id: 'f9463213eb46a294e16eab4efe505137') in 0.013356 seconds 
========================================================================
Received Prepare
Registering precompiled user dll's ...
Registered in 0.009343 seconds.
Begin MonoManager ReloadAssembly
Native extension for WindowsStandalone target not found
Native extension for WebGL target not found
Refreshing native plugins compatible for Editor in 1.15 ms, found 2 plugins.
Preloading 0 native plugins for Editor in 0.00 ms.
Mono: successfully reloaded assembly
- Completed reload, in  1.899 seconds
Domain Reload Profiling:
	ReloadAssembly (1901ms)
		BeginReloadAssembly (364ms)
			ExecutionOrderSort (0ms)
			DisableScriptedObjects (24ms)
			BackupInstance (0ms)
			ReleaseScriptingObjects (0ms)
			CreateAndSetChildDomain (101ms)
		EndReloadAssembly (1366ms)
			LoadAssemblies (227ms)
			RebuildTransferFunctionScriptingTraits (0ms)
			SetupTypeCache (337ms)
			ReleaseScriptCaches (3ms)
			RebuildScriptCaches (80ms)
			SetupLoadedEditorAssemblies (736ms)
				LogAssemblyErrors (0ms)
				InitializePlatformSupportModulesInManaged (22ms)
				SetLoadedEditorAssemblies (1ms)
				RefreshPlugins (1ms)
				BeforeProcessingInitializeOnLoad (116ms)
				ProcessInitializeOnLoadAttributes (334ms)
				ProcessInitializeOnLoadMethodAttributes (247ms)
				AfterProcessingInitializeOnLoad (15ms)
				EditorAssembliesLoaded (0ms)
			ExecutionOrderSort2 (0ms)
			AwakeInstancesAfterBackupRestoration (12ms)
Platform modules already initialized, skipping
Refreshing native plugins compatible for Editor in 9.60 ms, found 2 plugins.
Preloading 0 native plugins for Editor in 0.00 ms.
Unloading 2328 Unused Serialized files (Serialized files now loaded: 0)
Unloading 49 unused Assets / (32.8 KB). Loaded Objects now: 2788.
Memory consumption went from 93.6 MB to 93.6 MB.
Total: 10.812000 ms (FindLiveObjects: 0.267500 ms CreateObjectMapping: 0.120800 ms MarkObjects: 10.363200 ms  DeleteObjects: 0.058600 ms)

AssetImportParameters requested are different than current active one (requested -> active):
  custom:video-decoder-ogg-theora: a1e56fd34408186e4bbccfd4996cb3dc -> 
  custom:container-muxer-webm: aa71ff27fc2769a1b78a27578f13a17b -> 
  custom:container-demuxer-webm: 4f35f7cbe854078d1ac9338744f61a02 -> 
  custom:video-encoder-webm-vp8: eb34c28f22e8b96e1ab97ce403110664 -> 
  custom:audio-encoder-webm-vorbis: bf7c407c2cedff20999df2af8eb42d56 -> 
  custom:framework-win-MediaFoundation: 216162199b28c13a410421893ffa2e32 -> 
  custom:container-demuxer-ogg: 62fdf1f143b41e24485cea50d1cbac27 -> 
  custom:video-decoder-webm-vp8: 9c59270c3fd7afecdb556c50c9e8de78 -> 
  custom:audio-decoder-ogg-vorbis: bf7c407c2cedff20999df2af8eb42d56 -> 
========================================================================
Received Import Request.
  Time since last request: 265.355325 seconds.
  path: Assets/Scripts/HealthPickup.cs
  artifactKey: Guid(8237a17b56e304b7a9d16fa7b5cfee6f) Importer(815301076,1909f56bfc062723c751e8b465ee728b)
Start importing Assets/Scripts/HealthPickup.cs using Guid(8237a17b56e304b7a9d16fa7b5cfee6f) Importer(815301076,1909f56bfc062723c751e8b465ee728b)  -> (artifact id: 'f6364dd977573caffd230106f0f11549') in 0.009768 seconds 
========================================================================
Received Import Request.
  Time since last request: 173.397582 seconds.
  path: Assets/Scenes
  artifactKey: Guid(e9dfe84a163285e408eddda91847caf1) Importer(815301076,1909f56bfc062723c751e8b465ee728b)
Start importing Assets/Scenes using Guid(e9dfe84a163285e408eddda91847caf1) Importer(815301076,1909f56bfc062723c751e8b465ee728b)  -> (artifact id: '8d88b9c401e5f4a15e39c45e887c88e2') in 0.003864 seconds 
========================================================================
Received Import Request.
  Time since last request: 6.277120 seconds.
  path: Assets/Scripts/PlayerHealth.cs
  artifactKey: Guid(52121b47a452546fb88cf2e9a9352f56) Importer(815301076,1909f56bfc062723c751e8b465ee728b)
Start importing Assets/Scripts/PlayerHealth.cs using Guid(52121b47a452546fb88cf2e9a9352f56) Importer(815301076,1909f56bfc062723c751e8b465ee728b)  -> (artifact id: '9d40ff3ccc540792a7dd25e664ba8641') in 0.003726 seconds 
========================================================================
Received Import Request.
  Time since last request: 61.612100 seconds.
  path: Assets/Audio/Player/Ouch
  artifactKey: Guid(c45b0ab6184c0854682efeb51abe9b1d) Importer(815301076,1909f56bfc062723c751e8b465ee728b)
Start importing Assets/Audio/Player/Ouch using Guid(c45b0ab6184c0854682efeb51abe9b1d) Importer(815301076,1909f56bfc062723c751e8b465ee728b)  -> (artifact id: '6802e9c0589234de1b219fba12d41c3b') in 0.004572 seconds 
========================================================================
Received Import Request.
  Time since last request: 3.512607 seconds.
  path: Assets/Audio/Player/Ouch/Player-ouch2.wav
  artifactKey: Guid(4825e9268b7c84159b1f2b9cb54850b1) Importer(815301076,1909f56bfc062723c751e8b465ee728b)
Start importing Assets/Audio/Player/Ouch/Player-ouch2.wav using Guid(4825e9268b7c84159b1f2b9cb54850b1) Importer(815301076,1909f56bfc062723c751e8b465ee728b)  -> (artifact id: 'e9dd2875ad66069d296aa391cb434d5e') in 0.055498 seconds 
========================================================================
Received Import Request.
  Time since last request: 6.455231 seconds.
  path: Assets/Fonts
  artifactKey: Guid(178d78f7eda1b5e4eba15816f88a8df5) Importer(815301076,1909f56bfc062723c751e8b465ee728b)
Start importing Assets/Fonts using Guid(178d78f7eda1b5e4eba15816f88a8df5) Importer(815301076,1909f56bfc062723c751e8b465ee728b)  -> (artifact id: '9d94f0136158e33c61377a1dda223958') in 0.003146 seconds 
========================================================================
Received Import Request.
  Time since last request: 3.412965 seconds.
  path: Assets/Scripts/CameraFollow.cs
  artifactKey: Guid(2a1ff7ff4ce484f1aad8887efed74b11) Importer(815301076,1909f56bfc062723c751e8b465ee728b)
Start importing Assets/Scripts/CameraFollow.cs using Guid(2a1ff7ff4ce484f1aad8887efed74b11) Importer(815301076,1909f56bfc062723c751e8b465ee728b)  -> (artifact id: '443fc5fca4073a947112ff721d369b54') in 0.003074 seconds 
========================================================================
Received Import Request.
  Time since last request: 1.686074 seconds.
  path: Assets/Scripts/Destroyer.cs
  artifactKey: Guid(00f5e5a47c1508049b9a7edff5307220) Importer(815301076,1909f56bfc062723c751e8b465ee728b)
Start importing Assets/Scripts/Destroyer.cs using Guid(00f5e5a47c1508049b9a7edff5307220) Importer(815301076,1909f56bfc062723c751e8b465ee728b)  -> (artifact id: '74f137670226060a665d764763eeb3b2') in 0.002709 seconds 
========================================================================
Received Import Request.
  Time since last request: 132.233197 seconds.
  path: Assets/Audio/Player/Jumps
  artifactKey: Guid(fb1415200025127448b193e44ea0ba50) Importer(815301076,1909f56bfc062723c751e8b465ee728b)
Start importing Assets/Audio/Player/Jumps using Guid(fb1415200025127448b193e44ea0ba50) Importer(815301076,1909f56bfc062723c751e8b465ee728b)  -> (artifact id: '1ecdfef82830f55808cc57a94b409ce9') in 0.004168 seconds 
========================================================================
Received Prepare
Registering precompiled user dll's ...
Registered in 0.009888 seconds.
Begin MonoManager ReloadAssembly
Native extension for WindowsStandalone target not found
Native extension for WebGL target not found
Refreshing native plugins compatible for Editor in 1.07 ms, found 2 plugins.
Preloading 0 native plugins for Editor in 0.00 ms.
Mono: successfully reloaded assembly
- Completed reload, in  2.208 seconds
Domain Reload Profiling:
	ReloadAssembly (2211ms)
		BeginReloadAssembly (512ms)
			ExecutionOrderSort (0ms)
			DisableScriptedObjects (29ms)
			BackupInstance (0ms)
			ReleaseScriptingObjects (0ms)
			CreateAndSetChildDomain (234ms)
		EndReloadAssembly (1520ms)
			LoadAssemblies (234ms)
			RebuildTransferFunctionScriptingTraits (0ms)
			SetupTypeCache (360ms)
			ReleaseScriptCaches (3ms)
			RebuildScriptCaches (125ms)
			SetupLoadedEditorAssemblies (755ms)
				LogAssemblyErrors (0ms)
				InitializePlatformSupportModulesInManaged (25ms)
				SetLoadedEditorAssemblies (1ms)
				RefreshPlugins (1ms)
				BeforeProcessingInitializeOnLoad (130ms)
				ProcessInitializeOnLoadAttributes (363ms)
				ProcessInitializeOnLoadMethodAttributes (218ms)
				AfterProcessingInitializeOnLoad (15ms)
				EditorAssembliesLoaded (1ms)
			ExecutionOrderSort2 (0ms)
			AwakeInstancesAfterBackupRestoration (13ms)
Platform modules already initialized, skipping
Refreshing native plugins compatible for Editor in 10.62 ms, found 2 plugins.
Preloading 0 native plugins for Editor in 0.00 ms.
Unloading 2328 Unused Serialized files (Serialized files now loaded: 0)
Unloading 49 unused Assets / (32.8 KB). Loaded Objects now: 2791.
Memory consumption went from 93.6 MB to 93.6 MB.
Total: 8.707300 ms (FindLiveObjects: 0.238700 ms CreateObjectMapping: 0.109500 ms MarkObjects: 8.323700 ms  DeleteObjects: 0.034300 ms)

AssetImportParameters requested are different than current active one (requested -> active):
  custom:video-decoder-ogg-theora: a1e56fd34408186e4bbccfd4996cb3dc -> 
  custom:container-muxer-webm: aa71ff27fc2769a1b78a27578f13a17b -> 
  custom:container-demuxer-webm: 4f35f7cbe854078d1ac9338744f61a02 -> 
  custom:video-encoder-webm-vp8: eb34c28f22e8b96e1ab97ce403110664 -> 
  custom:audio-encoder-webm-vorbis: bf7c407c2cedff20999df2af8eb42d56 -> 
  custom:framework-win-MediaFoundation: 216162199b28c13a410421893ffa2e32 -> 
  custom:container-demuxer-ogg: 62fdf1f143b41e24485cea50d1cbac27 -> 
  custom:video-decoder-webm-vp8: 9c59270c3fd7afecdb556c50c9e8de78 -> 
  custom:audio-decoder-ogg-vorbis: bf7c407c2cedff20999df2af8eb42d56 -> 
========================================================================
Received Import Request.
  Time since last request: 147.609603 seconds.
  path: Assets/Audio/Enemy
  artifactKey: Guid(6325ee05116dd8c43955c8ca13d39854) Importer(815301076,1909f56bfc062723c751e8b465ee728b)
Start importing Assets/Audio/Enemy using Guid(6325ee05116dd8c43955c8ca13d39854) Importer(815301076,1909f56bfc062723c751e8b465ee728b)  -> (artifact id: '403b01193eb9c9b6e826e9a6714c0ca0') in 0.009067 seconds 
========================================================================
Received Import Request.
  Time since last request: 174.289206 seconds.
  path: Assets/Scripts/BombPickup.cs
  artifactKey: Guid(c73e86781a6314e5e9da831a05776ed6) Importer(815301076,1909f56bfc062723c751e8b465ee728b)
Start importing Assets/Scripts/BombPickup.cs using Guid(c73e86781a6314e5e9da831a05776ed6) Importer(815301076,1909f56bfc062723c751e8b465ee728b)  -> (artifact id: '5933e8eba83251b04e8a71ef0fe6a2cb') in 0.003392 seconds 
========================================================================
Received Prepare
Registering precompiled user dll's ...
Registered in 0.007874 seconds.
Begin MonoManager ReloadAssembly
Native extension for WindowsStandalone target not found
Native extension for WebGL target not found
Refreshing native plugins compatible for Editor in 0.62 ms, found 2 plugins.
Preloading 0 native plugins for Editor in 0.00 ms.
Mono: successfully reloaded assembly
- Completed reload, in  1.097 seconds
Domain Reload Profiling:
	ReloadAssembly (1098ms)
		BeginReloadAssembly (164ms)
			ExecutionOrderSort (0ms)
			DisableScriptedObjects (8ms)
			BackupInstance (0ms)
			ReleaseScriptingObjects (0ms)
			CreateAndSetChildDomain (35ms)
		EndReloadAssembly (825ms)
			LoadAssemblies (98ms)
			RebuildTransferFunctionScriptingTraits (0ms)
			SetupTypeCache (186ms)
			ReleaseScriptCaches (1ms)
			RebuildScriptCaches (52ms)
			SetupLoadedEditorAssemblies (449ms)
				LogAssemblyErrors (0ms)
				InitializePlatformSupportModulesInManaged (14ms)
				SetLoadedEditorAssemblies (0ms)
				RefreshPlugins (1ms)
				BeforeProcessingInitializeOnLoad (78ms)
				ProcessInitializeOnLoadAttributes (212ms)
				ProcessInitializeOnLoadMethodAttributes (134ms)
				AfterProcessingInitializeOnLoad (10ms)
				EditorAssembliesLoaded (0ms)
			ExecutionOrderSort2 (0ms)
			AwakeInstancesAfterBackupRestoration (7ms)
Platform modules already initialized, skipping
Refreshing native plugins compatible for Editor in 6.90 ms, found 2 plugins.
Preloading 0 native plugins for Editor in 0.00 ms.
Unloading 2328 Unused Serialized files (Serialized files now loaded: 0)
Unloading 49 unused Assets / (32.8 KB). Loaded Objects now: 2794.
Memory consumption went from 93.5 MB to 93.5 MB.
Total: 6.098500 ms (FindLiveObjects: 0.181500 ms CreateObjectMapping: 0.083000 ms MarkObjects: 5.799900 ms  DeleteObjects: 0.033300 ms)

AssetImportParameters requested are different than current active one (requested -> active):
  custom:video-decoder-ogg-theora: a1e56fd34408186e4bbccfd4996cb3dc -> 
  custom:container-muxer-webm: aa71ff27fc2769a1b78a27578f13a17b -> 
  custom:container-demuxer-webm: 4f35f7cbe854078d1ac9338744f61a02 -> 
  custom:video-encoder-webm-vp8: eb34c28f22e8b96e1ab97ce403110664 -> 
  custom:audio-encoder-webm-vorbis: bf7c407c2cedff20999df2af8eb42d56 -> 
  custom:framework-win-MediaFoundation: 216162199b28c13a410421893ffa2e32 -> 
  custom:container-demuxer-ogg: 62fdf1f143b41e24485cea50d1cbac27 -> 
  custom:video-decoder-webm-vp8: 9c59270c3fd7afecdb556c50c9e8de78 -> 
  custom:audio-decoder-ogg-vorbis: bf7c407c2cedff20999df2af8eb42d56 -> 
========================================================================
Received Import Request.
  Time since last request: 22.496044 seconds.
  path: Assets/Audio/FX/bombPickup2.wav
  artifactKey: Guid(6d18d47a037f6784bb54d4cf21f619d8) Importer(815301076,1909f56bfc062723c751e8b465ee728b)
Start importing Assets/Audio/FX/bombPickup2.wav using Guid(6d18d47a037f6784bb54d4cf21f619d8) Importer(815301076,1909f56bfc062723c751e8b465ee728b)  -> (artifact id: '74e8a9e044bb2918a599f9f1895d5d2b') in 0.049835 seconds 
========================================================================
Received Prepare
Registering precompiled user dll's ...
Registered in 0.008742 seconds.
Begin MonoManager ReloadAssembly
Native extension for WindowsStandalone target not found
Native extension for WebGL target not found
Refreshing native plugins compatible for Editor in 0.80 ms, found 2 plugins.
Preloading 0 native plugins for Editor in 0.00 ms.
Mono: successfully reloaded assembly
- Completed reload, in  1.593 seconds
Domain Reload Profiling:
	ReloadAssembly (1594ms)
		BeginReloadAssembly (167ms)
			ExecutionOrderSort (0ms)
			DisableScriptedObjects (8ms)
			BackupInstance (0ms)
			ReleaseScriptingObjects (0ms)
			CreateAndSetChildDomain (40ms)
		EndReloadAssembly (1275ms)
			LoadAssemblies (129ms)
			RebuildTransferFunctionScriptingTraits (0ms)
			SetupTypeCache (279ms)
			ReleaseScriptCaches (2ms)
			RebuildScriptCaches (109ms)
			SetupLoadedEditorAssemblies (657ms)
				LogAssemblyErrors (0ms)
				InitializePlatformSupportModulesInManaged (20ms)
				SetLoadedEditorAssemblies (1ms)
				RefreshPlugins (1ms)
				BeforeProcessingInitializeOnLoad (104ms)
				ProcessInitializeOnLoadAttributes (313ms)
				ProcessInitializeOnLoadMethodAttributes (203ms)
				AfterProcessingInitializeOnLoad (14ms)
				EditorAssembliesLoaded (1ms)
			ExecutionOrderSort2 (0ms)
			AwakeInstancesAfterBackupRestoration (12ms)
Platform modules already initialized, skipping
Refreshing native plugins compatible for Editor in 7.87 ms, found 2 plugins.
Preloading 0 native plugins for Editor in 0.00 ms.
Unloading 2328 Unused Serialized files (Serialized files now loaded: 0)
Unloading 49 unused Assets / (32.8 KB). Loaded Objects now: 2797.
Memory consumption went from 93.6 MB to 93.6 MB.
Total: 7.253900 ms (FindLiveObjects: 0.187100 ms CreateObjectMapping: 0.089200 ms MarkObjects: 6.923700 ms  DeleteObjects: 0.052800 ms)

AssetImportParameters requested are different than current active one (requested -> active):
  custom:video-decoder-ogg-theora: a1e56fd34408186e4bbccfd4996cb3dc -> 
  custom:container-muxer-webm: aa71ff27fc2769a1b78a27578f13a17b -> 
  custom:container-demuxer-webm: 4f35f7cbe854078d1ac9338744f61a02 -> 
  custom:video-encoder-webm-vp8: eb34c28f22e8b96e1ab97ce403110664 -> 
  custom:audio-encoder-webm-vorbis: bf7c407c2cedff20999df2af8eb42d56 -> 
  custom:framework-win-MediaFoundation: 216162199b28c13a410421893ffa2e32 -> 
  custom:container-demuxer-ogg: 62fdf1f143b41e24485cea50d1cbac27 -> 
  custom:video-decoder-webm-vp8: 9c59270c3fd7afecdb556c50c9e8de78 -> 
  custom:audio-decoder-ogg-vorbis: bf7c407c2cedff20999df2af8eb42d56 -> 
========================================================================
Received Prepare
Registering precompiled user dll's ...
Registered in 0.009351 seconds.
Begin MonoManager ReloadAssembly
Native extension for WindowsStandalone target not found
Native extension for WebGL target not found
Refreshing native plugins compatible for Editor in 0.84 ms, found 2 plugins.
Preloading 0 native plugins for Editor in 0.00 ms.
Mono: successfully reloaded assembly
- Completed reload, in  1.592 seconds
Domain Reload Profiling:
	ReloadAssembly (1592ms)
		BeginReloadAssembly (163ms)
			ExecutionOrderSort (0ms)
			DisableScriptedObjects (9ms)
			BackupInstance (0ms)
			ReleaseScriptingObjects (0ms)
			CreateAndSetChildDomain (36ms)
		EndReloadAssembly (1276ms)
			LoadAssemblies (130ms)
			RebuildTransferFunctionScriptingTraits (0ms)
			SetupTypeCache (292ms)
			ReleaseScriptCaches (2ms)
			RebuildScriptCaches (78ms)
			SetupLoadedEditorAssemblies (707ms)
				LogAssemblyErrors (0ms)
				InitializePlatformSupportModulesInManaged (24ms)
				SetLoadedEditorAssemblies (1ms)
				RefreshPlugins (1ms)
				BeforeProcessingInitializeOnLoad (124ms)
				ProcessInitializeOnLoadAttributes (331ms)
				ProcessInitializeOnLoadMethodAttributes (211ms)
				AfterProcessingInitializeOnLoad (14ms)
				EditorAssembliesLoaded (1ms)
			ExecutionOrderSort2 (0ms)
			AwakeInstancesAfterBackupRestoration (12ms)
Platform modules already initialized, skipping
Refreshing native plugins compatible for Editor in 9.04 ms, found 2 plugins.
Preloading 0 native plugins for Editor in 0.00 ms.
Unloading 2328 Unused Serialized files (Serialized files now loaded: 0)
Unloading 49 unused Assets / (32.8 KB). Loaded Objects now: 2800.
Memory consumption went from 93.6 MB to 93.6 MB.
Total: 8.420300 ms (FindLiveObjects: 0.245600 ms CreateObjectMapping: 0.122000 ms MarkObjects: 8.012700 ms  DeleteObjects: 0.038500 ms)

AssetImportParameters requested are different than current active one (requested -> active):
  custom:video-decoder-ogg-theora: a1e56fd34408186e4bbccfd4996cb3dc -> 
  custom:container-muxer-webm: aa71ff27fc2769a1b78a27578f13a17b -> 
  custom:container-demuxer-webm: 4f35f7cbe854078d1ac9338744f61a02 -> 
  custom:video-encoder-webm-vp8: eb34c28f22e8b96e1ab97ce403110664 -> 
  custom:audio-encoder-webm-vorbis: bf7c407c2cedff20999df2af8eb42d56 -> 
  custom:framework-win-MediaFoundation: 216162199b28c13a410421893ffa2e32 -> 
  custom:container-demuxer-ogg: 62fdf1f143b41e24485cea50d1cbac27 -> 
  custom:video-decoder-webm-vp8: 9c59270c3fd7afecdb556c50c9e8de78 -> 
  custom:audio-decoder-ogg-vorbis: bf7c407c2cedff20999df2af8eb42d56 -> 
========================================================================
Received Import Request.
  Time since last request: 68.794996 seconds.
  path: Assets/Audio/FX/STEMSMainTrack_01.xmp
  artifactKey: Guid(c6f2b87de2ee0544eac6aeb7bae74f18) Importer(815301076,1909f56bfc062723c751e8b465ee728b)
Start importing Assets/Audio/FX/STEMSMainTrack_01.xmp using Guid(c6f2b87de2ee0544eac6aeb7bae74f18) Importer(815301076,1909f56bfc062723c751e8b465ee728b)  -> (artifact id: '2edabeaa506f71b5ac8ab56393db396c') in 0.025451 seconds 
========================================================================
Received Import Request.
  Time since last request: 52.084188 seconds.
  path: Assets/Prefabs/Props
  artifactKey: Guid(28026a85459ac094890b516772393be9) Importer(815301076,1909f56bfc062723c751e8b465ee728b)
Start importing Assets/Prefabs/Props using Guid(28026a85459ac094890b516772393be9) Importer(815301076,1909f56bfc062723c751e8b465ee728b)  -> (artifact id: 'd8ab2dfdaa9735b42e6ef1d614f5c59b') in 0.003695 seconds 
========================================================================
Received Import Request.
  Time since last request: 1.653447 seconds.
  path: Assets/Prefabs/Props/bombCrate.prefab
  artifactKey: Guid(f14f67cf21d1d440181dad13051efd97) Importer(815301076,1909f56bfc062723c751e8b465ee728b)
Start importing Assets/Prefabs/Props/bombCrate.prefab using Guid(f14f67cf21d1d440181dad13051efd97) Importer(815301076,1909f56bfc062723c751e8b465ee728b)  -> (artifact id: 'f7f5f9216e65ad22b196b6b94cd61860') in 0.134637 seconds 
========================================================================
Received Prepare
Registering precompiled user dll's ...
Registered in 0.009323 seconds.
Begin MonoManager ReloadAssembly
Native extension for WindowsStandalone target not found
Native extension for WebGL target not found
Refreshing native plugins compatible for Editor in 1.24 ms, found 2 plugins.
Preloading 0 native plugins for Editor in 0.00 ms.
Mono: successfully reloaded assembly
- Completed reload, in  1.460 seconds
Domain Reload Profiling:
	ReloadAssembly (1461ms)
		BeginReloadAssembly (170ms)
			ExecutionOrderSort (0ms)
			DisableScriptedObjects (11ms)
			BackupInstance (0ms)
			ReleaseScriptingObjects (0ms)
			CreateAndSetChildDomain (40ms)
		EndReloadAssembly (1155ms)
			LoadAssemblies (128ms)
			RebuildTransferFunctionScriptingTraits (0ms)
			SetupTypeCache (269ms)
			ReleaseScriptCaches (2ms)
			RebuildScriptCaches (72ms)
			SetupLoadedEditorAssemblies (636ms)
				LogAssemblyErrors (0ms)
				InitializePlatformSupportModulesInManaged (23ms)
				SetLoadedEditorAssemblies (1ms)
				RefreshPlugins (1ms)
				BeforeProcessingInitializeOnLoad (107ms)
				ProcessInitializeOnLoadAttributes (299ms)
				ProcessInitializeOnLoadMethodAttributes (191ms)
				AfterProcessingInitializeOnLoad (14ms)
				EditorAssembliesLoaded (0ms)
			ExecutionOrderSort2 (0ms)
			AwakeInstancesAfterBackupRestoration (10ms)
Platform modules already initialized, skipping
Refreshing native plugins compatible for Editor in 7.94 ms, found 2 plugins.
Preloading 0 native plugins for Editor in 0.00 ms.
Unloading 2328 Unused Serialized files (Serialized files now loaded: 0)
Unloading 49 unused Assets / (32.8 KB). Loaded Objects now: 2803.
Memory consumption went from 93.7 MB to 93.7 MB.
Total: 7.500200 ms (FindLiveObjects: 0.221300 ms CreateObjectMapping: 0.148000 ms MarkObjects: 7.086800 ms  DeleteObjects: 0.043200 ms)

AssetImportParameters requested are different than current active one (requested -> active):
  custom:video-decoder-ogg-theora: a1e56fd34408186e4bbccfd4996cb3dc -> 
  custom:container-muxer-webm: aa71ff27fc2769a1b78a27578f13a17b -> 
  custom:container-demuxer-webm: 4f35f7cbe854078d1ac9338744f61a02 -> 
  custom:video-encoder-webm-vp8: eb34c28f22e8b96e1ab97ce403110664 -> 
  custom:audio-encoder-webm-vorbis: bf7c407c2cedff20999df2af8eb42d56 -> 
  custom:framework-win-MediaFoundation: 216162199b28c13a410421893ffa2e32 -> 
  custom:container-demuxer-ogg: 62fdf1f143b41e24485cea50d1cbac27 -> 
  custom:video-decoder-webm-vp8: 9c59270c3fd7afecdb556c50c9e8de78 -> 
  custom:audio-decoder-ogg-vorbis: bf7c407c2cedff20999df2af8eb42d56 -> 
========================================================================
Received Import Request.
  Time since last request: 95.817035 seconds.
  path: Assets/Scripts/Bomb.cs
  artifactKey: Guid(1d060b6f2711747368c4bc5aae24049b) Importer(815301076,1909f56bfc062723c751e8b465ee728b)
Start importing Assets/Scripts/Bomb.cs using Guid(1d060b6f2711747368c4bc5aae24049b) Importer(815301076,1909f56bfc062723c751e8b465ee728b)  -> (artifact id: 'b74e62598b5e96629f2fa400982fc03f') in 0.007283 seconds 
========================================================================
Received Import Request.
  Time since last request: 28.295828 seconds.
  path: Assets/Scripts/LayBombs.cs
  artifactKey: Guid(a2a401b7e00ae4e6f8558aec39e60721) Importer(815301076,1909f56bfc062723c751e8b465ee728b)
Start importing Assets/Scripts/LayBombs.cs using Guid(a2a401b7e00ae4e6f8558aec39e60721) Importer(815301076,1909f56bfc062723c751e8b465ee728b)  -> (artifact id: '9677e078fa58bcd097612e44290e2e99') in 0.003989 seconds 
========================================================================
Received Prepare
Registering precompiled user dll's ...
Registered in 0.008160 seconds.
Begin MonoManager ReloadAssembly
Native extension for WindowsStandalone target not found
Native extension for WebGL target not found
Refreshing native plugins compatible for Editor in 0.94 ms, found 2 plugins.
Preloading 0 native plugins for Editor in 0.00 ms.
Mono: successfully reloaded assembly
- Completed reload, in  1.468 seconds
Domain Reload Profiling:
	ReloadAssembly (1469ms)
		BeginReloadAssembly (163ms)
			ExecutionOrderSort (0ms)
			DisableScriptedObjects (7ms)
			BackupInstance (0ms)
			ReleaseScriptingObjects (0ms)
			CreateAndSetChildDomain (33ms)
		EndReloadAssembly (1160ms)
			LoadAssemblies (132ms)
			RebuildTransferFunctionScriptingTraits (0ms)
			SetupTypeCache (312ms)
			ReleaseScriptCaches (2ms)
			RebuildScriptCaches (67ms)
			SetupLoadedEditorAssemblies (603ms)
				LogAssemblyErrors (0ms)
				InitializePlatformSupportModulesInManaged (18ms)
				SetLoadedEditorAssemblies (1ms)
				RefreshPlugins (1ms)
				BeforeProcessingInitializeOnLoad (97ms)
				ProcessInitializeOnLoadAttributes (270ms)
				ProcessInitializeOnLoadMethodAttributes (205ms)
				AfterProcessingInitializeOnLoad (12ms)
				EditorAssembliesLoaded (0ms)
			ExecutionOrderSort2 (0ms)
			AwakeInstancesAfterBackupRestoration (9ms)
Platform modules already initialized, skipping
Refreshing native plugins compatible for Editor in 7.86 ms, found 2 plugins.
Preloading 0 native plugins for Editor in 0.00 ms.
Unloading 2328 Unused Serialized files (Serialized files now loaded: 0)
Unloading 49 unused Assets / (32.8 KB). Loaded Objects now: 2806.
Memory consumption went from 93.7 MB to 93.7 MB.
Total: 8.469000 ms (FindLiveObjects: 0.310400 ms CreateObjectMapping: 0.105300 ms MarkObjects: 8.017200 ms  DeleteObjects: 0.035100 ms)

AssetImportParameters requested are different than current active one (requested -> active):
  custom:video-decoder-ogg-theora: a1e56fd34408186e4bbccfd4996cb3dc -> 
  custom:container-muxer-webm: aa71ff27fc2769a1b78a27578f13a17b -> 
  custom:container-demuxer-webm: 4f35f7cbe854078d1ac9338744f61a02 -> 
  custom:video-encoder-webm-vp8: eb34c28f22e8b96e1ab97ce403110664 -> 
  custom:audio-encoder-webm-vorbis: bf7c407c2cedff20999df2af8eb42d56 -> 
  custom:framework-win-MediaFoundation: 216162199b28c13a410421893ffa2e32 -> 
  custom:container-demuxer-ogg: 62fdf1f143b41e24485cea50d1cbac27 -> 
  custom:video-decoder-webm-vp8: 9c59270c3fd7afecdb556c50c9e8de78 -> 
  custom:audio-decoder-ogg-vorbis: bf7c407c2cedff20999df2af8eb42d56 -> 
========================================================================
Received Prepare
Registering precompiled user dll's ...
Registered in 0.007950 seconds.
Begin MonoManager ReloadAssembly
Native extension for WindowsStandalone target not found
Native extension for WebGL target not found
Refreshing native plugins compatible for Editor in 0.93 ms, found 2 plugins.
Preloading 0 native plugins for Editor in 0.00 ms.
Mono: successfully reloaded assembly
- Completed reload, in  1.444 seconds
Domain Reload Profiling:
	ReloadAssembly (1446ms)
		BeginReloadAssembly (178ms)
			ExecutionOrderSort (0ms)
			DisableScriptedObjects (10ms)
			BackupInstance (0ms)
			ReleaseScriptingObjects (0ms)
			CreateAndSetChildDomain (45ms)
		EndReloadAssembly (1129ms)
			LoadAssemblies (129ms)
			RebuildTransferFunctionScriptingTraits (0ms)
			SetupTypeCache (250ms)
			ReleaseScriptCaches (2ms)
			RebuildScriptCaches (64ms)
			SetupLoadedEditorAssemblies (633ms)
				LogAssemblyErrors (0ms)
				InitializePlatformSupportModulesInManaged (18ms)
				SetLoadedEditorAssemblies (1ms)
				RefreshPlugins (1ms)
				BeforeProcessingInitializeOnLoad (100ms)
				ProcessInitializeOnLoadAttributes (296ms)
				ProcessInitializeOnLoadMethodAttributes (206ms)
				AfterProcessingInitializeOnLoad (11ms)
				EditorAssembliesLoaded (0ms)
			ExecutionOrderSort2 (0ms)
			AwakeInstancesAfterBackupRestoration (10ms)
Platform modules already initialized, skipping
Refreshing native plugins compatible for Editor in 12.11 ms, found 2 plugins.
Preloading 0 native plugins for Editor in 0.00 ms.
Unloading 2328 Unused Serialized files (Serialized files now loaded: 0)
Unloading 49 unused Assets / (32.9 KB). Loaded Objects now: 2809.
Memory consumption went from 93.6 MB to 93.6 MB.
Total: 11.230500 ms (FindLiveObjects: 0.248200 ms CreateObjectMapping: 0.227600 ms MarkObjects: 10.688500 ms  DeleteObjects: 0.064400 ms)

AssetImportParameters requested are different than current active one (requested -> active):
  custom:video-decoder-ogg-theora: a1e56fd34408186e4bbccfd4996cb3dc -> 
  custom:container-muxer-webm: aa71ff27fc2769a1b78a27578f13a17b -> 
  custom:container-demuxer-webm: 4f35f7cbe854078d1ac9338744f61a02 -> 
  custom:video-encoder-webm-vp8: eb34c28f22e8b96e1ab97ce403110664 -> 
  custom:audio-encoder-webm-vorbis: bf7c407c2cedff20999df2af8eb42d56 -> 
  custom:framework-win-MediaFoundation: 216162199b28c13a410421893ffa2e32 -> 
  custom:container-demuxer-ogg: 62fdf1f143b41e24485cea50d1cbac27 -> 
  custom:video-decoder-webm-vp8: 9c59270c3fd7afecdb556c50c9e8de78 -> 
  custom:audio-decoder-ogg-vorbis: bf7c407c2cedff20999df2af8eb42d56 -> 
========================================================================
Received Prepare
Registering precompiled user dll's ...
Registered in 0.009878 seconds.
Begin MonoManager ReloadAssembly
Native extension for WindowsStandalone target not found
Native extension for WebGL target not found
Refreshing native plugins compatible for Editor in 0.68 ms, found 2 plugins.
Preloading 0 native plugins for Editor in 0.00 ms.
Mono: successfully reloaded assembly
- Completed reload, in  1.580 seconds
Domain Reload Profiling:
	ReloadAssembly (1581ms)
		BeginReloadAssembly (195ms)
			ExecutionOrderSort (0ms)
			DisableScriptedObjects (10ms)
			BackupInstance (0ms)
			ReleaseScriptingObjects (0ms)
			CreateAndSetChildDomain (47ms)
		EndReloadAssembly (1239ms)
			LoadAssemblies (146ms)
			RebuildTransferFunctionScriptingTraits (0ms)
			SetupTypeCache (283ms)
			ReleaseScriptCaches (2ms)
			RebuildScriptCaches (71ms)
			SetupLoadedEditorAssemblies (687ms)
				LogAssemblyErrors (0ms)
				InitializePlatformSupportModulesInManaged (22ms)
				SetLoadedEditorAssemblies (1ms)
				RefreshPlugins (1ms)
				BeforeProcessingInitializeOnLoad (111ms)
				ProcessInitializeOnLoadAttributes (321ms)
				ProcessInitializeOnLoadMethodAttributes (215ms)
				AfterProcessingInitializeOnLoad (17ms)
				EditorAssembliesLoaded (0ms)
			ExecutionOrderSort2 (0ms)
			AwakeInstancesAfterBackupRestoration (11ms)
Platform modules already initialized, skipping
Refreshing native plugins compatible for Editor in 9.26 ms, found 2 plugins.
Preloading 0 native plugins for Editor in 0.00 ms.
Unloading 2328 Unused Serialized files (Serialized files now loaded: 0)
Unloading 49 unused Assets / (32.8 KB). Loaded Objects now: 2812.
Memory consumption went from 93.7 MB to 93.7 MB.
Total: 9.508400 ms (FindLiveObjects: 0.242200 ms CreateObjectMapping: 0.114300 ms MarkObjects: 9.075900 ms  DeleteObjects: 0.074300 ms)

AssetImportParameters requested are different than current active one (requested -> active):
  custom:video-decoder-ogg-theora: a1e56fd34408186e4bbccfd4996cb3dc -> 
  custom:container-muxer-webm: aa71ff27fc2769a1b78a27578f13a17b -> 
  custom:container-demuxer-webm: 4f35f7cbe854078d1ac9338744f61a02 -> 
  custom:video-encoder-webm-vp8: eb34c28f22e8b96e1ab97ce403110664 -> 
  custom:audio-encoder-webm-vorbis: bf7c407c2cedff20999df2af8eb42d56 -> 
  custom:framework-win-MediaFoundation: 216162199b28c13a410421893ffa2e32 -> 
  custom:container-demuxer-ogg: 62fdf1f143b41e24485cea50d1cbac27 -> 
  custom:video-decoder-webm-vp8: 9c59270c3fd7afecdb556c50c9e8de78 -> 
  custom:audio-decoder-ogg-vorbis: bf7c407c2cedff20999df2af8eb42d56 -> 
========================================================================
Received Import Request.
  Time since last request: 303.798241 seconds.
  path: Assets/Scripts/HealthPickup.cs
  artifactKey: Guid(8237a17b56e304b7a9d16fa7b5cfee6f) Importer(815301076,1909f56bfc062723c751e8b465ee728b)
Start importing Assets/Scripts/HealthPickup.cs using Guid(8237a17b56e304b7a9d16fa7b5cfee6f) Importer(815301076,1909f56bfc062723c751e8b465ee728b)  -> (artifact id: '457d2130a814b1ea8fa9d8cebb5729bc') in 0.006334 seconds 
========================================================================
Received Prepare
Registering precompiled user dll's ...
Registered in 0.009294 seconds.
Begin MonoManager ReloadAssembly
Native extension for WindowsStandalone target not found
Native extension for WebGL target not found
Refreshing native plugins compatible for Editor in 0.64 ms, found 2 plugins.
Preloading 0 native plugins for Editor in 0.00 ms.
Mono: successfully reloaded assembly
- Completed reload, in  1.335 seconds
Domain Reload Profiling:
	ReloadAssembly (1335ms)
		BeginReloadAssembly (176ms)
			ExecutionOrderSort (0ms)
			DisableScriptedObjects (9ms)
			BackupInstance (0ms)
			ReleaseScriptingObjects (0ms)
			CreateAndSetChildDomain (42ms)
		EndReloadAssembly (979ms)
			LoadAssemblies (135ms)
			RebuildTransferFunctionScriptingTraits (0ms)
			SetupTypeCache (227ms)
			ReleaseScriptCaches (1ms)
			RebuildScriptCaches (82ms)
			SetupLoadedEditorAssemblies (481ms)
				LogAssemblyErrors (0ms)
				InitializePlatformSupportModulesInManaged (14ms)
				SetLoadedEditorAssemblies (1ms)
				RefreshPlugins (1ms)
				BeforeProcessingInitializeOnLoad (90ms)
				ProcessInitializeOnLoadAttributes (224ms)
				ProcessInitializeOnLoadMethodAttributes (142ms)
				AfterProcessingInitializeOnLoad (9ms)
				EditorAssembliesLoaded (0ms)
			ExecutionOrderSort2 (0ms)
			AwakeInstancesAfterBackupRestoration (7ms)
Platform modules already initialized, skipping
Refreshing native plugins compatible for Editor in 6.44 ms, found 2 plugins.
Preloading 0 native plugins for Editor in 0.00 ms.
Unloading 2328 Unused Serialized files (Serialized files now loaded: 0)
Unloading 49 unused Assets / (32.8 KB). Loaded Objects now: 2815.
Memory consumption went from 93.7 MB to 93.7 MB.
Total: 6.656800 ms (FindLiveObjects: 0.179200 ms CreateObjectMapping: 0.077300 ms MarkObjects: 6.367900 ms  DeleteObjects: 0.031300 ms)

AssetImportParameters requested are different than current active one (requested -> active):
  custom:video-decoder-ogg-theora: a1e56fd34408186e4bbccfd4996cb3dc -> 
  custom:container-muxer-webm: aa71ff27fc2769a1b78a27578f13a17b -> 
  custom:container-demuxer-webm: 4f35f7cbe854078d1ac9338744f61a02 -> 
  custom:video-encoder-webm-vp8: eb34c28f22e8b96e1ab97ce403110664 -> 
  custom:audio-encoder-webm-vorbis: bf7c407c2cedff20999df2af8eb42d56 -> 
  custom:framework-win-MediaFoundation: 216162199b28c13a410421893ffa2e32 -> 
  custom:container-demuxer-ogg: 62fdf1f143b41e24485cea50d1cbac27 -> 
  custom:video-decoder-webm-vp8: 9c59270c3fd7afecdb556c50c9e8de78 -> 
  custom:audio-decoder-ogg-vorbis: bf7c407c2cedff20999df2af8eb42d56 -> 
========================================================================
Received Prepare
Registering precompiled user dll's ...
Registered in 0.007873 seconds.
Begin MonoManager ReloadAssembly
Native extension for WindowsStandalone target not found
Native extension for WebGL target not found
Refreshing native plugins compatible for Editor in 1.05 ms, found 2 plugins.
Preloading 0 native plugins for Editor in 0.00 ms.
Mono: successfully reloaded assembly
- Completed reload, in  1.499 seconds
Domain Reload Profiling:
	ReloadAssembly (1500ms)
		BeginReloadAssembly (151ms)
			ExecutionOrderSort (0ms)
			DisableScriptedObjects (7ms)
			BackupInstance (0ms)
			ReleaseScriptingObjects (0ms)
			CreateAndSetChildDomain (32ms)
		EndReloadAssembly (1204ms)
			LoadAssemblies (132ms)
			RebuildTransferFunctionScriptingTraits (0ms)
			SetupTypeCache (273ms)
			ReleaseScriptCaches (2ms)
			RebuildScriptCaches (84ms)
			SetupLoadedEditorAssemblies (648ms)
				LogAssemblyErrors (0ms)
				InitializePlatformSupportModulesInManaged (20ms)
				SetLoadedEditorAssemblies (1ms)
				RefreshPlugins (1ms)
				BeforeProcessingInitializeOnLoad (107ms)
				ProcessInitializeOnLoadAttributes (300ms)
				ProcessInitializeOnLoadMethodAttributes (205ms)
				AfterProcessingInitializeOnLoad (14ms)
				EditorAssembliesLoaded (0ms)
			ExecutionOrderSort2 (0ms)
			AwakeInstancesAfterBackupRestoration (10ms)
Platform modules already initialized, skipping
Refreshing native plugins compatible for Editor in 8.41 ms, found 2 plugins.
Preloading 0 native plugins for Editor in 0.00 ms.
Unloading 2328 Unused Serialized files (Serialized files now loaded: 0)
Unloading 49 unused Assets / (32.8 KB). Loaded Objects now: 2818.
Memory consumption went from 93.7 MB to 93.7 MB.
Total: 10.072300 ms (FindLiveObjects: 0.346600 ms CreateObjectMapping: 0.230800 ms MarkObjects: 9.453500 ms  DeleteObjects: 0.040300 ms)

AssetImportParameters requested are different than current active one (requested -> active):
  custom:video-decoder-ogg-theora: a1e56fd34408186e4bbccfd4996cb3dc -> 
  custom:container-muxer-webm: aa71ff27fc2769a1b78a27578f13a17b -> 
  custom:container-demuxer-webm: 4f35f7cbe854078d1ac9338744f61a02 -> 
  custom:video-encoder-webm-vp8: eb34c28f22e8b96e1ab97ce403110664 -> 
  custom:audio-encoder-webm-vorbis: bf7c407c2cedff20999df2af8eb42d56 -> 
  custom:framework-win-MediaFoundation: 216162199b28c13a410421893ffa2e32 -> 
  custom:container-demuxer-ogg: 62fdf1f143b41e24485cea50d1cbac27 -> 
  custom:video-decoder-webm-vp8: 9c59270c3fd7afecdb556c50c9e8de78 -> 
  custom:audio-decoder-ogg-vorbis: bf7c407c2cedff20999df2af8eb42d56 -> 
========================================================================
Received Import Request.
  Time since last request: 145.881925 seconds.
  path: Assets/Scripts/HealthPickup.cs
  artifactKey: Guid(8237a17b56e304b7a9d16fa7b5cfee6f) Importer(815301076,1909f56bfc062723c751e8b465ee728b)
Start importing Assets/Scripts/HealthPickup.cs using Guid(8237a17b56e304b7a9d16fa7b5cfee6f) Importer(815301076,1909f56bfc062723c751e8b465ee728b)  -> (artifact id: '5cda4450d1be0ca8017429e66a7c1d6d') in 0.007893 seconds 
========================================================================
Received Import Request.
  Time since last request: 132.185436 seconds.
  path: Assets/Scripts/PickupSpawner.cs
  artifactKey: Guid(bab042c2c2d4f4380bfd78fa79fc7381) Importer(815301076,1909f56bfc062723c751e8b465ee728b)
Start importing Assets/Scripts/PickupSpawner.cs using Guid(bab042c2c2d4f4380bfd78fa79fc7381) Importer(815301076,1909f56bfc062723c751e8b465ee728b)  -> (artifact id: 'caa2040b60772a0f7842c3fbd212c231') in 0.002580 seconds 
========================================================================
Received Import Request.
  Time since last request: 104.551557 seconds.
  path: Assets/Animation/Clips
  artifactKey: Guid(cf0842b37d469674993612a048b434e3) Importer(815301076,1909f56bfc062723c751e8b465ee728b)
Start importing Assets/Animation/Clips using Guid(cf0842b37d469674993612a048b434e3) Importer(815301076,1909f56bfc062723c751e8b465ee728b)  -> (artifact id: 'd85d4d52c7ae5525becf59ef4be2fd12') in 0.004779 seconds 
========================================================================
Received Import Request.
  Time since last request: 14.764883 seconds.
  path: Assets/Scripts/Pauser.cs
  artifactKey: Guid(53064c304626b46fbad99cda68f94795) Importer(815301076,1909f56bfc062723c751e8b465ee728b)
Start importing Assets/Scripts/Pauser.cs using Guid(53064c304626b46fbad99cda68f94795) Importer(815301076,1909f56bfc062723c751e8b465ee728b)  -> (artifact id: '70ead8cefd65810f9a123011dae91cd9') in 0.003674 seconds 
========================================================================
Received Import Request.
  Time since last request: 3.164125 seconds.
  path: Assets/Scripts/FollowPlayer.cs
  artifactKey: Guid(57aa01379d7e34884aeb85d875e17226) Importer(815301076,1909f56bfc062723c751e8b465ee728b)
Start importing Assets/Scripts/FollowPlayer.cs using Guid(57aa01379d7e34884aeb85d875e17226) Importer(815301076,1909f56bfc062723c751e8b465ee728b)  -> (artifact id: 'a1659d65c294f1655170539c91b8e939') in 0.004091 seconds 
========================================================================
Received Import Request.
  Time since last request: 15.493855 seconds.
  path: Assets/Scripts/BombPickup.cs
  artifactKey: Guid(c73e86781a6314e5e9da831a05776ed6) Importer(815301076,1909f56bfc062723c751e8b465ee728b)
Start importing Assets/Scripts/BombPickup.cs using Guid(c73e86781a6314e5e9da831a05776ed6) Importer(815301076,1909f56bfc062723c751e8b465ee728b)  -> (artifact id: '9659d8a3f7d2432bd512b18ed755d32f') in 0.002565 seconds 
========================================================================
Received Import Request.
  Time since last request: 41.340489 seconds.
  path: Assets/Scripts/BombPickup.cs
  artifactKey: Guid(c73e86781a6314e5e9da831a05776ed6) Importer(815301076,1909f56bfc062723c751e8b465ee728b)
Start importing Assets/Scripts/BombPickup.cs using Guid(c73e86781a6314e5e9da831a05776ed6) Importer(815301076,1909f56bfc062723c751e8b465ee728b)  -> (artifact id: '5f4e9fa56044f228678af2152982ca0f') in 0.002977 seconds 
========================================================================
Received Prepare
Registering precompiled user dll's ...
Registered in 0.010126 seconds.
Begin MonoManager ReloadAssembly
Native extension for WindowsStandalone target not found
Native extension for WebGL target not found
Refreshing native plugins compatible for Editor in 0.70 ms, found 2 plugins.
Preloading 0 native plugins for Editor in 0.00 ms.
Mono: successfully reloaded assembly
- Completed reload, in  1.362 seconds
Domain Reload Profiling:
	ReloadAssembly (1363ms)
		BeginReloadAssembly (201ms)
			ExecutionOrderSort (0ms)
			DisableScriptedObjects (10ms)
			BackupInstance (0ms)
			ReleaseScriptingObjects (0ms)
			CreateAndSetChildDomain (49ms)
		EndReloadAssembly (1018ms)
			LoadAssemblies (151ms)
			RebuildTransferFunctionScriptingTraits (0ms)
			SetupTypeCache (280ms)
			ReleaseScriptCaches (2ms)
			RebuildScriptCaches (104ms)
			SetupLoadedEditorAssemblies (442ms)
				LogAssemblyErrors (0ms)
				InitializePlatformSupportModulesInManaged (16ms)
				SetLoadedEditorAssemblies (0ms)
				RefreshPlugins (1ms)
				BeforeProcessingInitializeOnLoad (78ms)
				ProcessInitializeOnLoadAttributes (206ms)
				ProcessInitializeOnLoadMethodAttributes (132ms)
				AfterProcessingInitializeOnLoad (9ms)
				EditorAssembliesLoaded (0ms)
			ExecutionOrderSort2 (0ms)
			AwakeInstancesAfterBackupRestoration (7ms)
Platform modules already initialized, skipping
Refreshing native plugins compatible for Editor in 6.36 ms, found 2 plugins.
Preloading 0 native plugins for Editor in 0.00 ms.
Unloading 2328 Unused Serialized files (Serialized files now loaded: 0)
Unloading 49 unused Assets / (32.8 KB). Loaded Objects now: 2821.
Memory consumption went from 93.7 MB to 93.7 MB.
Total: 5.854500 ms (FindLiveObjects: 0.183700 ms CreateObjectMapping: 0.083300 ms MarkObjects: 5.556100 ms  DeleteObjects: 0.030300 ms)

AssetImportParameters requested are different than current active one (requested -> active):
  custom:video-decoder-ogg-theora: a1e56fd34408186e4bbccfd4996cb3dc -> 
  custom:container-muxer-webm: aa71ff27fc2769a1b78a27578f13a17b -> 
  custom:container-demuxer-webm: 4f35f7cbe854078d1ac9338744f61a02 -> 
  custom:video-encoder-webm-vp8: eb34c28f22e8b96e1ab97ce403110664 -> 
  custom:audio-encoder-webm-vorbis: bf7c407c2cedff20999df2af8eb42d56 -> 
  custom:framework-win-MediaFoundation: 216162199b28c13a410421893ffa2e32 -> 
  custom:container-demuxer-ogg: 62fdf1f143b41e24485cea50d1cbac27 -> 
  custom:video-decoder-webm-vp8: 9c59270c3fd7afecdb556c50c9e8de78 -> 
  custom:audio-decoder-ogg-vorbis: bf7c407c2cedff20999df2af8eb42d56 -> 
========================================================================
Received Prepare
Registering precompiled user dll's ...
Registered in 0.009237 seconds.
Begin MonoManager ReloadAssembly
Native extension for WindowsStandalone target not found
Native extension for WebGL target not found
Refreshing native plugins compatible for Editor in 1.15 ms, found 2 plugins.
Preloading 0 native plugins for Editor in 0.00 ms.
Mono: successfully reloaded assembly
- Completed reload, in  1.519 seconds
Domain Reload Profiling:
	ReloadAssembly (1520ms)
		BeginReloadAssembly (186ms)
			ExecutionOrderSort (0ms)
			DisableScriptedObjects (9ms)
			BackupInstance (0ms)
			ReleaseScriptingObjects (0ms)
			CreateAndSetChildDomain (46ms)
		EndReloadAssembly (1191ms)
			LoadAssemblies (140ms)
			RebuildTransferFunctionScriptingTraits (0ms)
			SetupTypeCache (265ms)
			ReleaseScriptCaches (2ms)
			RebuildScriptCaches (70ms)
			SetupLoadedEditorAssemblies (662ms)
				LogAssemblyErrors (0ms)
				InitializePlatformSupportModulesInManaged (18ms)
				SetLoadedEditorAssemblies (1ms)
				RefreshPlugins (1ms)
				BeforeProcessingInitializeOnLoad (107ms)
				ProcessInitializeOnLoadAttributes (310ms)
				ProcessInitializeOnLoadMethodAttributes (214ms)
				AfterProcessingInitializeOnLoad (11ms)
				EditorAssembliesLoaded (0ms)
			ExecutionOrderSort2 (0ms)
			AwakeInstancesAfterBackupRestoration (10ms)
Platform modules already initialized, skipping
Refreshing native plugins compatible for Editor in 7.99 ms, found 2 plugins.
Preloading 0 native plugins for Editor in 0.00 ms.
Unloading 2328 Unused Serialized files (Serialized files now loaded: 0)
Unloading 49 unused Assets / (32.8 KB). Loaded Objects now: 2824.
Memory consumption went from 93.7 MB to 93.6 MB.
Total: 8.746700 ms (FindLiveObjects: 0.373000 ms CreateObjectMapping: 0.179500 ms MarkObjects: 8.158600 ms  DeleteObjects: 0.034100 ms)

AssetImportParameters requested are different than current active one (requested -> active):
  custom:video-decoder-ogg-theora: a1e56fd34408186e4bbccfd4996cb3dc -> 
  custom:container-muxer-webm: aa71ff27fc2769a1b78a27578f13a17b -> 
  custom:container-demuxer-webm: 4f35f7cbe854078d1ac9338744f61a02 -> 
  custom:video-encoder-webm-vp8: eb34c28f22e8b96e1ab97ce403110664 -> 
  custom:audio-encoder-webm-vorbis: bf7c407c2cedff20999df2af8eb42d56 -> 
  custom:framework-win-MediaFoundation: 216162199b28c13a410421893ffa2e32 -> 
  custom:container-demuxer-ogg: 62fdf1f143b41e24485cea50d1cbac27 -> 
  custom:video-decoder-webm-vp8: 9c59270c3fd7afecdb556c50c9e8de78 -> 
  custom:audio-decoder-ogg-vorbis: bf7c407c2cedff20999df2af8eb42d56 -> 
========================================================================
Received Import Request.
  Time since last request: 150.442718 seconds.
  path: Assets/Animation/Controllers/health_pickup.controller
  artifactKey: Guid(9efb4922b09e32642bab2240a7c0aad5) Importer(815301076,1909f56bfc062723c751e8b465ee728b)
Start importing Assets/Animation/Controllers/health_pickup.controller using Guid(9efb4922b09e32642bab2240a7c0aad5) Importer(815301076,1909f56bfc062723c751e8b465ee728b)  -> (artifact id: '51859b84d58dc5917a583108bef26303') in 0.026113 seconds 
========================================================================
Received Prepare
Registering precompiled user dll's ...
Registered in 0.010254 seconds.
Begin MonoManager ReloadAssembly
Native extension for WindowsStandalone target not found
Native extension for WebGL target not found
Refreshing native plugins compatible for Editor in 0.64 ms, found 2 plugins.
Preloading 0 native plugins for Editor in 0.00 ms.
Mono: successfully reloaded assembly
- Completed reload, in  1.139 seconds
Domain Reload Profiling:
	ReloadAssembly (1139ms)
		BeginReloadAssembly (153ms)
			ExecutionOrderSort (0ms)
			DisableScriptedObjects (8ms)
			BackupInstance (0ms)
			ReleaseScriptingObjects (0ms)
			CreateAndSetChildDomain (33ms)
		EndReloadAssembly (868ms)
			LoadAssemblies (111ms)
			RebuildTransferFunctionScriptingTraits (0ms)
			SetupTypeCache (215ms)
			ReleaseScriptCaches (2ms)
			RebuildScriptCaches (51ms)
			SetupLoadedEditorAssemblies (460ms)
				LogAssemblyErrors (0ms)
				InitializePlatformSupportModulesInManaged (14ms)
				SetLoadedEditorAssemblies (0ms)
				RefreshPlugins (1ms)
				BeforeProcessingInitializeOnLoad (79ms)
				ProcessInitializeOnLoadAttributes (217ms)
				ProcessInitializeOnLoadMethodAttributes (139ms)
				AfterProcessingInitializeOnLoad (10ms)
				EditorAssembliesLoaded (0ms)
			ExecutionOrderSort2 (0ms)
			AwakeInstancesAfterBackupRestoration (7ms)
Platform modules already initialized, skipping
Refreshing native plugins compatible for Editor in 5.99 ms, found 2 plugins.
Preloading 0 native plugins for Editor in 0.00 ms.
Unloading 2328 Unused Serialized files (Serialized files now loaded: 0)
Unloading 49 unused Assets / (32.8 KB). Loaded Objects now: 2827.
Memory consumption went from 93.8 MB to 93.7 MB.
Total: 6.071100 ms (FindLiveObjects: 0.198600 ms CreateObjectMapping: 0.090000 ms MarkObjects: 5.746300 ms  DeleteObjects: 0.035000 ms)

AssetImportParameters requested are different than current active one (requested -> active):
  custom:video-decoder-ogg-theora: a1e56fd34408186e4bbccfd4996cb3dc -> 
  custom:container-muxer-webm: aa71ff27fc2769a1b78a27578f13a17b -> 
  custom:container-demuxer-webm: 4f35f7cbe854078d1ac9338744f61a02 -> 
  custom:video-encoder-webm-vp8: eb34c28f22e8b96e1ab97ce403110664 -> 
  custom:audio-encoder-webm-vorbis: bf7c407c2cedff20999df2af8eb42d56 -> 
  custom:framework-win-MediaFoundation: 216162199b28c13a410421893ffa2e32 -> 
  custom:container-demuxer-ogg: 62fdf1f143b41e24485cea50d1cbac27 -> 
  custom:video-decoder-webm-vp8: 9c59270c3fd7afecdb556c50c9e8de78 -> 
  custom:audio-decoder-ogg-vorbis: bf7c407c2cedff20999df2af8eb42d56 -> 
========================================================================
Received Import Request.
  Time since last request: 93.910549 seconds.
  path: Assets/Scripts/HealthPickup.cs
  artifactKey: Guid(8237a17b56e304b7a9d16fa7b5cfee6f) Importer(815301076,1909f56bfc062723c751e8b465ee728b)
Start importing Assets/Scripts/HealthPickup.cs using Guid(8237a17b56e304b7a9d16fa7b5cfee6f) Importer(815301076,1909f56bfc062723c751e8b465ee728b)  -> (artifact id: '3b6efd94d0842a897e7a50d9179e48b1') in 0.005372 seconds 
========================================================================
Received Prepare
Registering precompiled user dll's ...
Registered in 0.007867 seconds.
Begin MonoManager ReloadAssembly
Native extension for WindowsStandalone target not found
Native extension for WebGL target not found
Refreshing native plugins compatible for Editor in 0.84 ms, found 2 plugins.
Preloading 0 native plugins for Editor in 0.00 ms.
Mono: successfully reloaded assembly
- Completed reload, in  1.131 seconds
Domain Reload Profiling:
	ReloadAssembly (1132ms)
		BeginReloadAssembly (155ms)
			ExecutionOrderSort (0ms)
			DisableScriptedObjects (8ms)
			BackupInstance (0ms)
			ReleaseScriptingObjects (0ms)
			CreateAndSetChildDomain (40ms)
		EndReloadAssembly (868ms)
			LoadAssemblies (109ms)
			RebuildTransferFunctionScriptingTraits (0ms)
			SetupTypeCache (185ms)
			ReleaseScriptCaches (1ms)
			RebuildScriptCaches (49ms)
			SetupLoadedEditorAssemblies (482ms)
				LogAssemblyErrors (0ms)
				InitializePlatformSupportModulesInManaged (18ms)
				SetLoadedEditorAssemblies (1ms)
				RefreshPlugins (1ms)
				BeforeProcessingInitializeOnLoad (96ms)
				ProcessInitializeOnLoadAttributes (211ms)
				ProcessInitializeOnLoadMethodAttributes (144ms)
				AfterProcessingInitializeOnLoad (10ms)
				EditorAssembliesLoaded (0ms)
			ExecutionOrderSort2 (0ms)
			AwakeInstancesAfterBackupRestoration (7ms)
Platform modules already initialized, skipping
Refreshing native plugins compatible for Editor in 5.88 ms, found 2 plugins.
Preloading 0 native plugins for Editor in 0.00 ms.
Unloading 2328 Unused Serialized files (Serialized files now loaded: 0)
Unloading 49 unused Assets / (32.9 KB). Loaded Objects now: 2830.
Memory consumption went from 93.8 MB to 93.7 MB.
Total: 6.901600 ms (FindLiveObjects: 0.186700 ms CreateObjectMapping: 0.084600 ms MarkObjects: 6.576300 ms  DeleteObjects: 0.052900 ms)

AssetImportParameters requested are different than current active one (requested -> active):
  custom:video-decoder-ogg-theora: a1e56fd34408186e4bbccfd4996cb3dc -> 
  custom:container-muxer-webm: aa71ff27fc2769a1b78a27578f13a17b -> 
  custom:container-demuxer-webm: 4f35f7cbe854078d1ac9338744f61a02 -> 
  custom:video-encoder-webm-vp8: eb34c28f22e8b96e1ab97ce403110664 -> 
  custom:audio-encoder-webm-vorbis: bf7c407c2cedff20999df2af8eb42d56 -> 
  custom:framework-win-MediaFoundation: 216162199b28c13a410421893ffa2e32 -> 
  custom:container-demuxer-ogg: 62fdf1f143b41e24485cea50d1cbac27 -> 
  custom:video-decoder-webm-vp8: 9c59270c3fd7afecdb556c50c9e8de78 -> 
  custom:audio-decoder-ogg-vorbis: bf7c407c2cedff20999df2af8eb42d56 -> 
========================================================================
Received Import Request.
  Time since last request: 14.429736 seconds.
  path: Assets/Scripts/HealthPickup.cs
  artifactKey: Guid(8237a17b56e304b7a9d16fa7b5cfee6f) Importer(815301076,1909f56bfc062723c751e8b465ee728b)
Start importing Assets/Scripts/HealthPickup.cs using Guid(8237a17b56e304b7a9d16fa7b5cfee6f) Importer(815301076,1909f56bfc062723c751e8b465ee728b)  -> (artifact id: 'e17f72133fe8c56c22d11bc997721518') in 0.007107 seconds 
========================================================================
Received Prepare
Registering precompiled user dll's ...
Registered in 0.008647 seconds.
Begin MonoManager ReloadAssembly
Native extension for WindowsStandalone target not found
Native extension for WebGL target not found
Refreshing native plugins compatible for Editor in 1.10 ms, found 2 plugins.
Preloading 0 native plugins for Editor in 0.00 ms.
Mono: successfully reloaded assembly
- Completed reload, in  1.234 seconds
Domain Reload Profiling:
	ReloadAssembly (1235ms)
		BeginReloadAssembly (153ms)
			ExecutionOrderSort (0ms)
			DisableScriptedObjects (7ms)
			BackupInstance (0ms)
			ReleaseScriptingObjects (0ms)
			CreateAndSetChildDomain (37ms)
		EndReloadAssembly (959ms)
			LoadAssemblies (116ms)
			RebuildTransferFunctionScriptingTraits (0ms)
			SetupTypeCache (280ms)
			ReleaseScriptCaches (2ms)
			RebuildScriptCaches (54ms)
			SetupLoadedEditorAssemblies (467ms)
				LogAssemblyErrors (0ms)
				InitializePlatformSupportModulesInManaged (17ms)
				SetLoadedEditorAssemblies (1ms)
				RefreshPlugins (1ms)
				BeforeProcessingInitializeOnLoad (101ms)
				ProcessInitializeOnLoadAttributes (206ms)
				ProcessInitializeOnLoadMethodAttributes (132ms)
				AfterProcessingInitializeOnLoad (9ms)
				EditorAssembliesLoaded (0ms)
			ExecutionOrderSort2 (0ms)
			AwakeInstancesAfterBackupRestoration (7ms)
Platform modules already initialized, skipping
Refreshing native plugins compatible for Editor in 5.97 ms, found 2 plugins.
Preloading 0 native plugins for Editor in 0.00 ms.
Unloading 2328 Unused Serialized files (Serialized files now loaded: 0)
Unloading 49 unused Assets / (32.8 KB). Loaded Objects now: 2833.
Memory consumption went from 93.8 MB to 93.7 MB.
Total: 5.762500 ms (FindLiveObjects: 0.185100 ms CreateObjectMapping: 0.078300 ms MarkObjects: 5.469800 ms  DeleteObjects: 0.028400 ms)

AssetImportParameters requested are different than current active one (requested -> active):
  custom:video-decoder-ogg-theora: a1e56fd34408186e4bbccfd4996cb3dc -> 
  custom:container-muxer-webm: aa71ff27fc2769a1b78a27578f13a17b -> 
  custom:container-demuxer-webm: 4f35f7cbe854078d1ac9338744f61a02 -> 
  custom:video-encoder-webm-vp8: eb34c28f22e8b96e1ab97ce403110664 -> 
  custom:audio-encoder-webm-vorbis: bf7c407c2cedff20999df2af8eb42d56 -> 
  custom:framework-win-MediaFoundation: 216162199b28c13a410421893ffa2e32 -> 
  custom:container-demuxer-ogg: 62fdf1f143b41e24485cea50d1cbac27 -> 
  custom:video-decoder-webm-vp8: 9c59270c3fd7afecdb556c50c9e8de78 -> 
  custom:audio-decoder-ogg-vorbis: bf7c407c2cedff20999df2af8eb42d56 -> 
========================================================================
Received Import Request.
  Time since last request: 5.061112 seconds.
  path: Assets/Scripts/HealthPickup.cs
  artifactKey: Guid(8237a17b56e304b7a9d16fa7b5cfee6f) Importer(815301076,1909f56bfc062723c751e8b465ee728b)
Start importing Assets/Scripts/HealthPickup.cs using Guid(8237a17b56e304b7a9d16fa7b5cfee6f) Importer(815301076,1909f56bfc062723c751e8b465ee728b)  -> (artifact id: 'fd47fa7cb878bbe2dea8459416e38535') in 0.005286 seconds 
========================================================================
Received Prepare
Registering precompiled user dll's ...
Registered in 0.008400 seconds.
Begin MonoManager ReloadAssembly
Native extension for WindowsStandalone target not found
Native extension for WebGL target not found
Refreshing native plugins compatible for Editor in 0.63 ms, found 2 plugins.
Preloading 0 native plugins for Editor in 0.00 ms.
Mono: successfully reloaded assembly
- Completed reload, in  1.158 seconds
Domain Reload Profiling:
	ReloadAssembly (1158ms)
		BeginReloadAssembly (162ms)
			ExecutionOrderSort (0ms)
			DisableScriptedObjects (9ms)
			BackupInstance (0ms)
			ReleaseScriptingObjects (0ms)
			CreateAndSetChildDomain (45ms)
		EndReloadAssembly (878ms)
			LoadAssemblies (109ms)
			RebuildTransferFunctionScriptingTraits (0ms)
			SetupTypeCache (204ms)
			ReleaseScriptCaches (1ms)
			RebuildScriptCaches (52ms)
			SetupLoadedEditorAssemblies (476ms)
				LogAssemblyErrors (0ms)
				InitializePlatformSupportModulesInManaged (22ms)
				SetLoadedEditorAssemblies (1ms)
				RefreshPlugins (1ms)
				BeforeProcessingInitializeOnLoad (80ms)
				ProcessInitializeOnLoadAttributes (217ms)
				ProcessInitializeOnLoadMethodAttributes (143ms)
				AfterProcessingInitializeOnLoad (14ms)
				EditorAssembliesLoaded (0ms)
			ExecutionOrderSort2 (0ms)
			AwakeInstancesAfterBackupRestoration (10ms)
Platform modules already initialized, skipping
Refreshing native plugins compatible for Editor in 8.03 ms, found 2 plugins.
Preloading 0 native plugins for Editor in 0.00 ms.
Unloading 2328 Unused Serialized files (Serialized files now loaded: 0)
Unloading 49 unused Assets / (32.7 KB). Loaded Objects now: 2836.
Memory consumption went from 93.8 MB to 93.8 MB.
Total: 6.394800 ms (FindLiveObjects: 0.198700 ms CreateObjectMapping: 0.098700 ms MarkObjects: 6.059800 ms  DeleteObjects: 0.035900 ms)

AssetImportParameters requested are different than current active one (requested -> active):
  custom:video-decoder-ogg-theora: a1e56fd34408186e4bbccfd4996cb3dc -> 
  custom:container-muxer-webm: aa71ff27fc2769a1b78a27578f13a17b -> 
  custom:container-demuxer-webm: 4f35f7cbe854078d1ac9338744f61a02 -> 
  custom:video-encoder-webm-vp8: eb34c28f22e8b96e1ab97ce403110664 -> 
  custom:audio-encoder-webm-vorbis: bf7c407c2cedff20999df2af8eb42d56 -> 
  custom:framework-win-MediaFoundation: 216162199b28c13a410421893ffa2e32 -> 
  custom:container-demuxer-ogg: 62fdf1f143b41e24485cea50d1cbac27 -> 
  custom:video-decoder-webm-vp8: 9c59270c3fd7afecdb556c50c9e8de78 -> 
  custom:audio-decoder-ogg-vorbis: bf7c407c2cedff20999df2af8eb42d56 -> 
========================================================================
Received Import Request.
  Time since last request: 67.876018 seconds.
  path: Assets/Scripts/BombPickup.cs
  artifactKey: Guid(c73e86781a6314e5e9da831a05776ed6) Importer(815301076,1909f56bfc062723c751e8b465ee728b)
Start importing Assets/Scripts/BombPickup.cs using Guid(c73e86781a6314e5e9da831a05776ed6) Importer(815301076,1909f56bfc062723c751e8b465ee728b)  -> (artifact id: 'fdd364d20c7f859cb1bf2ff95997dec6') in 0.006417 seconds 
========================================================================
Received Import Request.
  Time since last request: 2.059762 seconds.
  path: Assets/Scripts/BombPickup.cs
  artifactKey: Guid(c73e86781a6314e5e9da831a05776ed6) Importer(815301076,1909f56bfc062723c751e8b465ee728b)
Start importing Assets/Scripts/BombPickup.cs using Guid(c73e86781a6314e5e9da831a05776ed6) Importer(815301076,1909f56bfc062723c751e8b465ee728b)  -> (artifact id: '56d3d5f05d2526baf29da07d12c08809') in 0.002423 seconds 
========================================================================
Received Prepare
Registering precompiled user dll's ...
Registered in 0.007924 seconds.
Begin MonoManager ReloadAssembly
Native extension for WindowsStandalone target not found
Native extension for WebGL target not found
Refreshing native plugins compatible for Editor in 0.69 ms, found 2 plugins.
Preloading 0 native plugins for Editor in 0.00 ms.
Mono: successfully reloaded assembly
- Completed reload, in  1.247 seconds
Domain Reload Profiling:
	ReloadAssembly (1248ms)
		BeginReloadAssembly (160ms)
			ExecutionOrderSort (0ms)
			DisableScriptedObjects (9ms)
			BackupInstance (0ms)
			ReleaseScriptingObjects (0ms)
			CreateAndSetChildDomain (37ms)
		EndReloadAssembly (949ms)
			LoadAssemblies (120ms)
			RebuildTransferFunctionScriptingTraits (0ms)
			SetupTypeCache (250ms)
			ReleaseScriptCaches (1ms)
			RebuildScriptCaches (56ms)
			SetupLoadedEditorAssemblies (478ms)
				LogAssemblyErrors (0ms)
				InitializePlatformSupportModulesInManaged (16ms)
				SetLoadedEditorAssemblies (1ms)
				RefreshPlugins (1ms)
				BeforeProcessingInitializeOnLoad (87ms)
				ProcessInitializeOnLoadAttributes (219ms)
				ProcessInitializeOnLoadMethodAttributes (145ms)
				AfterProcessingInitializeOnLoad (10ms)
				EditorAssembliesLoaded (0ms)
			ExecutionOrderSort2 (0ms)
			AwakeInstancesAfterBackupRestoration (7ms)
Platform modules already initialized, skipping
Refreshing native plugins compatible for Editor in 6.34 ms, found 2 plugins.
Preloading 0 native plugins for Editor in 0.00 ms.
Unloading 2328 Unused Serialized files (Serialized files now loaded: 0)
Unloading 49 unused Assets / (32.8 KB). Loaded Objects now: 2839.
Memory consumption went from 93.7 MB to 93.7 MB.
Total: 6.779000 ms (FindLiveObjects: 0.199900 ms CreateObjectMapping: 0.092700 ms MarkObjects: 6.447900 ms  DeleteObjects: 0.037300 ms)

AssetImportParameters requested are different than current active one (requested -> active):
  custom:video-decoder-ogg-theora: a1e56fd34408186e4bbccfd4996cb3dc -> 
  custom:container-muxer-webm: aa71ff27fc2769a1b78a27578f13a17b -> 
  custom:container-demuxer-webm: 4f35f7cbe854078d1ac9338744f61a02 -> 
  custom:video-encoder-webm-vp8: eb34c28f22e8b96e1ab97ce403110664 -> 
  custom:audio-encoder-webm-vorbis: bf7c407c2cedff20999df2af8eb42d56 -> 
  custom:framework-win-MediaFoundation: 216162199b28c13a410421893ffa2e32 -> 
  custom:container-demuxer-ogg: 62fdf1f143b41e24485cea50d1cbac27 -> 
  custom:video-decoder-webm-vp8: 9c59270c3fd7afecdb556c50c9e8de78 -> 
  custom:audio-decoder-ogg-vorbis: bf7c407c2cedff20999df2af8eb42d56 -> 
========================================================================
Received Import Request.
  Time since last request: 9.398831 seconds.
  path: Assets/Scripts/BombPickup.cs
  artifactKey: Guid(c73e86781a6314e5e9da831a05776ed6) Importer(815301076,1909f56bfc062723c751e8b465ee728b)
Start importing Assets/Scripts/BombPickup.cs using Guid(c73e86781a6314e5e9da831a05776ed6) Importer(815301076,1909f56bfc062723c751e8b465ee728b)  -> (artifact id: 'a4a8a18bf16ed9b67bfb6919b8fd1421') in 0.005507 seconds 
========================================================================
Received Prepare
Registering precompiled user dll's ...
Registered in 0.007843 seconds.
Begin MonoManager ReloadAssembly
Native extension for WindowsStandalone target not found
Native extension for WebGL target not found
Refreshing native plugins compatible for Editor in 0.64 ms, found 2 plugins.
Preloading 0 native plugins for Editor in 0.00 ms.
Mono: successfully reloaded assembly
- Completed reload, in  1.141 seconds
Domain Reload Profiling:
	ReloadAssembly (1142ms)
		BeginReloadAssembly (147ms)
			ExecutionOrderSort (0ms)
			DisableScriptedObjects (10ms)
			BackupInstance (0ms)
			ReleaseScriptingObjects (0ms)
			CreateAndSetChildDomain (39ms)
		EndReloadAssembly (891ms)
			LoadAssemblies (100ms)
			RebuildTransferFunctionScriptingTraits (0ms)
			SetupTypeCache (236ms)
			ReleaseScriptCaches (2ms)
			RebuildScriptCaches (56ms)
			SetupLoadedEditorAssemblies (458ms)
				LogAssemblyErrors (0ms)
				InitializePlatformSupportModulesInManaged (14ms)
				SetLoadedEditorAssemblies (0ms)
				RefreshPlugins (1ms)
				BeforeProcessingInitializeOnLoad (80ms)
				ProcessInitializeOnLoadAttributes (217ms)
				ProcessInitializeOnLoadMethodAttributes (133ms)
				AfterProcessingInitializeOnLoad (12ms)
				EditorAssembliesLoaded (0ms)
			ExecutionOrderSort2 (0ms)
			AwakeInstancesAfterBackupRestoration (7ms)
Platform modules already initialized, skipping
Refreshing native plugins compatible for Editor in 5.94 ms, found 2 plugins.
Preloading 0 native plugins for Editor in 0.00 ms.
Unloading 2328 Unused Serialized files (Serialized files now loaded: 0)
Unloading 49 unused Assets / (32.8 KB). Loaded Objects now: 2842.
Memory consumption went from 93.8 MB to 93.8 MB.
Total: 6.242500 ms (FindLiveObjects: 0.214100 ms CreateObjectMapping: 0.108700 ms MarkObjects: 5.887200 ms  DeleteObjects: 0.031400 ms)

AssetImportParameters requested are different than current active one (requested -> active):
  custom:video-decoder-ogg-theora: a1e56fd34408186e4bbccfd4996cb3dc -> 
  custom:container-muxer-webm: aa71ff27fc2769a1b78a27578f13a17b -> 
  custom:container-demuxer-webm: 4f35f7cbe854078d1ac9338744f61a02 -> 
  custom:video-encoder-webm-vp8: eb34c28f22e8b96e1ab97ce403110664 -> 
  custom:audio-encoder-webm-vorbis: bf7c407c2cedff20999df2af8eb42d56 -> 
  custom:framework-win-MediaFoundation: 216162199b28c13a410421893ffa2e32 -> 
  custom:container-demuxer-ogg: 62fdf1f143b41e24485cea50d1cbac27 -> 
  custom:video-decoder-webm-vp8: 9c59270c3fd7afecdb556c50c9e8de78 -> 
  custom:audio-decoder-ogg-vorbis: bf7c407c2cedff20999df2af8eb42d56 -> 
========================================================================
Received Import Request.
  Time since last request: 4.943901 seconds.
  path: Assets/Scripts/BombPickup.cs
  artifactKey: Guid(c73e86781a6314e5e9da831a05776ed6) Importer(815301076,1909f56bfc062723c751e8b465ee728b)
Start importing Assets/Scripts/BombPickup.cs using Guid(c73e86781a6314e5e9da831a05776ed6) Importer(815301076,1909f56bfc062723c751e8b465ee728b)  -> (artifact id: 'f3ef1998202a0c20d2ca0027090961a8') in 0.005367 seconds 
========================================================================
Received Prepare
Registering precompiled user dll's ...
Registered in 0.008052 seconds.
Begin MonoManager ReloadAssembly
Native extension for WindowsStandalone target not found
Native extension for WebGL target not found
Refreshing native plugins compatible for Editor in 1.07 ms, found 2 plugins.
Preloading 0 native plugins for Editor in 0.00 ms.
Mono: successfully reloaded assembly
- Completed reload, in  1.478 seconds
Domain Reload Profiling:
	ReloadAssembly (1479ms)
		BeginReloadAssembly (183ms)
			ExecutionOrderSort (0ms)
			DisableScriptedObjects (8ms)
			BackupInstance (0ms)
			ReleaseScriptingObjects (0ms)
			CreateAndSetChildDomain (38ms)
		EndReloadAssembly (1156ms)
			LoadAssemblies (149ms)
			RebuildTransferFunctionScriptingTraits (0ms)
			SetupTypeCache (265ms)
			ReleaseScriptCaches (2ms)
			RebuildScriptCaches (74ms)
			SetupLoadedEditorAssemblies (614ms)
				LogAssemblyErrors (0ms)
				InitializePlatformSupportModulesInManaged (18ms)
				SetLoadedEditorAssemblies (1ms)
				RefreshPlugins (1ms)
				BeforeProcessingInitializeOnLoad (103ms)
				ProcessInitializeOnLoadAttributes (277ms)
				ProcessInitializeOnLoadMethodAttributes (201ms)
				AfterProcessingInitializeOnLoad (13ms)
				EditorAssembliesLoaded (0ms)
			ExecutionOrderSort2 (0ms)
			AwakeInstancesAfterBackupRestoration (10ms)
Platform modules already initialized, skipping
Refreshing native plugins compatible for Editor in 8.70 ms, found 2 plugins.
Preloading 0 native plugins for Editor in 0.00 ms.
Unloading 2328 Unused Serialized files (Serialized files now loaded: 0)
Unloading 49 unused Assets / (32.9 KB). Loaded Objects now: 2845.
Memory consumption went from 93.8 MB to 93.8 MB.
Total: 8.450800 ms (FindLiveObjects: 0.271400 ms CreateObjectMapping: 0.153200 ms MarkObjects: 7.975400 ms  DeleteObjects: 0.049100 ms)

AssetImportParameters requested are different than current active one (requested -> active):
  custom:video-decoder-ogg-theora: a1e56fd34408186e4bbccfd4996cb3dc -> 
  custom:container-muxer-webm: aa71ff27fc2769a1b78a27578f13a17b -> 
  custom:container-demuxer-webm: 4f35f7cbe854078d1ac9338744f61a02 -> 
  custom:video-encoder-webm-vp8: eb34c28f22e8b96e1ab97ce403110664 -> 
  custom:audio-encoder-webm-vorbis: bf7c407c2cedff20999df2af8eb42d56 -> 
  custom:framework-win-MediaFoundation: 216162199b28c13a410421893ffa2e32 -> 
  custom:container-demuxer-ogg: 62fdf1f143b41e24485cea50d1cbac27 -> 
  custom:video-decoder-webm-vp8: 9c59270c3fd7afecdb556c50c9e8de78 -> 
  custom:audio-decoder-ogg-vorbis: bf7c407c2cedff20999df2af8eb42d56 -> 
========================================================================
Received Prepare
Registering precompiled user dll's ...
Registered in 0.009603 seconds.
Begin MonoManager ReloadAssembly
Native extension for WindowsStandalone target not found
Native extension for WebGL target not found
Refreshing native plugins compatible for Editor in 0.89 ms, found 2 plugins.
Preloading 0 native plugins for Editor in 0.00 ms.
Mono: successfully reloaded assembly
- Completed reload, in  1.545 seconds
Domain Reload Profiling:
	ReloadAssembly (1546ms)
		BeginReloadAssembly (171ms)
			ExecutionOrderSort (0ms)
			DisableScriptedObjects (12ms)
			BackupInstance (0ms)
			ReleaseScriptingObjects (0ms)
			CreateAndSetChildDomain (38ms)
		EndReloadAssembly (1232ms)
			LoadAssemblies (128ms)
			RebuildTransferFunctionScriptingTraits (0ms)
			SetupTypeCache (274ms)
			ReleaseScriptCaches (2ms)
			RebuildScriptCaches (70ms)
			SetupLoadedEditorAssemblies (691ms)
				LogAssemblyErrors (0ms)
				InitializePlatformSupportModulesInManaged (18ms)
				SetLoadedEditorAssemblies (1ms)
				RefreshPlugins (1ms)
				BeforeProcessingInitializeOnLoad (118ms)
				ProcessInitializeOnLoadAttributes (316ms)
				ProcessInitializeOnLoadMethodAttributes (222ms)
				AfterProcessingInitializeOnLoad (14ms)
				EditorAssembliesLoaded (0ms)
			ExecutionOrderSort2 (0ms)
			AwakeInstancesAfterBackupRestoration (13ms)
Platform modules already initialized, skipping
Refreshing native plugins compatible for Editor in 8.81 ms, found 2 plugins.
Preloading 0 native plugins for Editor in 0.00 ms.
Unloading 2328 Unused Serialized files (Serialized files now loaded: 0)
Unloading 49 unused Assets / (32.8 KB). Loaded Objects now: 2848.
Memory consumption went from 93.8 MB to 93.8 MB.
Total: 9.081700 ms (FindLiveObjects: 0.287200 ms CreateObjectMapping: 0.255700 ms MarkObjects: 8.489000 ms  DeleteObjects: 0.048900 ms)

AssetImportParameters requested are different than current active one (requested -> active):
  custom:video-decoder-ogg-theora: a1e56fd34408186e4bbccfd4996cb3dc -> 
  custom:container-muxer-webm: aa71ff27fc2769a1b78a27578f13a17b -> 
  custom:container-demuxer-webm: 4f35f7cbe854078d1ac9338744f61a02 -> 
  custom:video-encoder-webm-vp8: eb34c28f22e8b96e1ab97ce403110664 -> 
  custom:audio-encoder-webm-vorbis: bf7c407c2cedff20999df2af8eb42d56 -> 
  custom:framework-win-MediaFoundation: 216162199b28c13a410421893ffa2e32 -> 
  custom:container-demuxer-ogg: 62fdf1f143b41e24485cea50d1cbac27 -> 
  custom:video-decoder-webm-vp8: 9c59270c3fd7afecdb556c50c9e8de78 -> 
  custom:audio-decoder-ogg-vorbis: bf7c407c2cedff20999df2af8eb42d56 -> 
========================================================================
Received Prepare
Registering precompiled user dll's ...
Registered in 0.010406 seconds.
Begin MonoManager ReloadAssembly
Native extension for WindowsStandalone target not found
Native extension for WebGL target not found
Refreshing native plugins compatible for Editor in 0.67 ms, found 2 plugins.
Preloading 0 native plugins for Editor in 0.00 ms.
Mono: successfully reloaded assembly
- Completed reload, in  1.121 seconds
Domain Reload Profiling:
	ReloadAssembly (1121ms)
		BeginReloadAssembly (156ms)
			ExecutionOrderSort (0ms)
			DisableScriptedObjects (9ms)
			BackupInstance (0ms)
			ReleaseScriptingObjects (0ms)
			CreateAndSetChildDomain (39ms)
		EndReloadAssembly (857ms)
			LoadAssemblies (104ms)
			RebuildTransferFunctionScriptingTraits (0ms)
			SetupTypeCache (201ms)
			ReleaseScriptCaches (1ms)
			RebuildScriptCaches (53ms)
			SetupLoadedEditorAssemblies (447ms)
				LogAssemblyErrors (0ms)
				InitializePlatformSupportModulesInManaged (15ms)
				SetLoadedEditorAssemblies (0ms)
				RefreshPlugins (1ms)
				BeforeProcessingInitializeOnLoad (87ms)
				ProcessInitializeOnLoadAttributes (199ms)
				ProcessInitializeOnLoadMethodAttributes (135ms)
				AfterProcessingInitializeOnLoad (9ms)
				EditorAssembliesLoaded (0ms)
			ExecutionOrderSort2 (0ms)
			AwakeInstancesAfterBackupRestoration (7ms)
Platform modules already initialized, skipping
Refreshing native plugins compatible for Editor in 6.24 ms, found 2 plugins.
Preloading 0 native plugins for Editor in 0.00 ms.
Unloading 2328 Unused Serialized files (Serialized files now loaded: 0)
Unloading 49 unused Assets / (32.9 KB). Loaded Objects now: 2851.
Memory consumption went from 93.8 MB to 93.8 MB.
Total: 6.500300 ms (FindLiveObjects: 0.184500 ms CreateObjectMapping: 0.076200 ms MarkObjects: 6.208500 ms  DeleteObjects: 0.030200 ms)

AssetImportParameters requested are different than current active one (requested -> active):
  custom:video-decoder-ogg-theora: a1e56fd34408186e4bbccfd4996cb3dc -> 
  custom:container-muxer-webm: aa71ff27fc2769a1b78a27578f13a17b -> 
  custom:container-demuxer-webm: 4f35f7cbe854078d1ac9338744f61a02 -> 
  custom:video-encoder-webm-vp8: eb34c28f22e8b96e1ab97ce403110664 -> 
  custom:audio-encoder-webm-vorbis: bf7c407c2cedff20999df2af8eb42d56 -> 
  custom:framework-win-MediaFoundation: 216162199b28c13a410421893ffa2e32 -> 
  custom:container-demuxer-ogg: 62fdf1f143b41e24485cea50d1cbac27 -> 
  custom:video-decoder-webm-vp8: 9c59270c3fd7afecdb556c50c9e8de78 -> 
  custom:audio-decoder-ogg-vorbis: bf7c407c2cedff20999df2af8eb42d56 -> 
========================================================================
Received Import Request.
  Time since last request: 109.699322 seconds.
  path: Assets/Scripts/BombPickup.cs
  artifactKey: Guid(c73e86781a6314e5e9da831a05776ed6) Importer(815301076,1909f56bfc062723c751e8b465ee728b)
Start importing Assets/Scripts/BombPickup.cs using Guid(c73e86781a6314e5e9da831a05776ed6) Importer(815301076,1909f56bfc062723c751e8b465ee728b)  -> (artifact id: '4b4b2bcb936c6f1c2c79c14ccb439eee') in 0.005401 seconds 
========================================================================
Received Prepare
Registering precompiled user dll's ...
Registered in 0.009303 seconds.
Begin MonoManager ReloadAssembly
Native extension for WindowsStandalone target not found
Native extension for WebGL target not found
Refreshing native plugins compatible for Editor in 0.63 ms, found 2 plugins.
Preloading 0 native plugins for Editor in 0.00 ms.
Mono: successfully reloaded assembly
- Completed reload, in  1.097 seconds
Domain Reload Profiling:
	ReloadAssembly (1098ms)
		BeginReloadAssembly (152ms)
			ExecutionOrderSort (0ms)
			DisableScriptedObjects (10ms)
			BackupInstance (0ms)
			ReleaseScriptingObjects (0ms)
			CreateAndSetChildDomain (41ms)
		EndReloadAssembly (828ms)
			LoadAssemblies (100ms)
			RebuildTransferFunctionScriptingTraits (0ms)
			SetupTypeCache (183ms)
			ReleaseScriptCaches (1ms)
			RebuildScriptCaches (47ms)
			SetupLoadedEditorAssemblies (461ms)
				LogAssemblyErrors (0ms)
				InitializePlatformSupportModulesInManaged (14ms)
				SetLoadedEditorAssemblies (1ms)
				RefreshPlugins (1ms)
				BeforeProcessingInitializeOnLoad (85ms)
				ProcessInitializeOnLoadAttributes (210ms)
				ProcessInitializeOnLoadMethodAttributes (141ms)
				AfterProcessingInitializeOnLoad (9ms)
				EditorAssembliesLoaded (0ms)
			ExecutionOrderSort2 (0ms)
			AwakeInstancesAfterBackupRestoration (7ms)
Platform modules already initialized, skipping
Refreshing native plugins compatible for Editor in 6.28 ms, found 2 plugins.
Preloading 0 native plugins for Editor in 0.00 ms.
Unloading 2328 Unused Serialized files (Serialized files now loaded: 0)
Unloading 49 unused Assets / (32.8 KB). Loaded Objects now: 2854.
Memory consumption went from 93.7 MB to 93.7 MB.
Total: 6.124900 ms (FindLiveObjects: 0.182400 ms CreateObjectMapping: 0.078400 ms MarkObjects: 5.832500 ms  DeleteObjects: 0.030500 ms)

AssetImportParameters requested are different than current active one (requested -> active):
  custom:video-decoder-ogg-theora: a1e56fd34408186e4bbccfd4996cb3dc -> 
  custom:container-muxer-webm: aa71ff27fc2769a1b78a27578f13a17b -> 
  custom:container-demuxer-webm: 4f35f7cbe854078d1ac9338744f61a02 -> 
  custom:video-encoder-webm-vp8: eb34c28f22e8b96e1ab97ce403110664 -> 
  custom:audio-encoder-webm-vorbis: bf7c407c2cedff20999df2af8eb42d56 -> 
  custom:framework-win-MediaFoundation: 216162199b28c13a410421893ffa2e32 -> 
  custom:container-demuxer-ogg: 62fdf1f143b41e24485cea50d1cbac27 -> 
  custom:video-decoder-webm-vp8: 9c59270c3fd7afecdb556c50c9e8de78 -> 
  custom:audio-decoder-ogg-vorbis: bf7c407c2cedff20999df2af8eb42d56 -> 
========================================================================
Received Prepare
Registering precompiled user dll's ...
Registered in 0.010400 seconds.
Begin MonoManager ReloadAssembly
Native extension for WindowsStandalone target not found
Native extension for WebGL target not found
Refreshing native plugins compatible for Editor in 1.25 ms, found 2 plugins.
Preloading 0 native plugins for Editor in 0.00 ms.
Mono: successfully reloaded assembly
- Completed reload, in  1.463 seconds
Domain Reload Profiling:
	ReloadAssembly (1464ms)
		BeginReloadAssembly (175ms)
			ExecutionOrderSort (0ms)
			DisableScriptedObjects (7ms)
			BackupInstance (0ms)
			ReleaseScriptingObjects (0ms)
			CreateAndSetChildDomain (43ms)
		EndReloadAssembly (1149ms)
			LoadAssemblies (134ms)
			RebuildTransferFunctionScriptingTraits (0ms)
			SetupTypeCache (280ms)
			ReleaseScriptCaches (2ms)
			RebuildScriptCaches (70ms)
			SetupLoadedEditorAssemblies (617ms)
				LogAssemblyErrors (0ms)
				InitializePlatformSupportModulesInManaged (18ms)
				SetLoadedEditorAssemblies (1ms)
				RefreshPlugins (1ms)
				BeforeProcessingInitializeOnLoad (102ms)
				ProcessInitializeOnLoadAttributes (285ms)
				ProcessInitializeOnLoadMethodAttributes (195ms)
				AfterProcessingInitializeOnLoad (14ms)
				EditorAssembliesLoaded (0ms)
			ExecutionOrderSort2 (0ms)
			AwakeInstancesAfterBackupRestoration (11ms)
Platform modules already initialized, skipping
Refreshing native plugins compatible for Editor in 8.07 ms, found 2 plugins.
Preloading 0 native plugins for Editor in 0.00 ms.
Unloading 2328 Unused Serialized files (Serialized files now loaded: 0)
Unloading 49 unused Assets / (32.8 KB). Loaded Objects now: 2857.
Memory consumption went from 93.8 MB to 93.8 MB.
Total: 6.757600 ms (FindLiveObjects: 0.196300 ms CreateObjectMapping: 0.118800 ms MarkObjects: 6.402800 ms  DeleteObjects: 0.038600 ms)

AssetImportParameters requested are different than current active one (requested -> active):
  custom:video-decoder-ogg-theora: a1e56fd34408186e4bbccfd4996cb3dc -> 
  custom:container-muxer-webm: aa71ff27fc2769a1b78a27578f13a17b -> 
  custom:container-demuxer-webm: 4f35f7cbe854078d1ac9338744f61a02 -> 
  custom:video-encoder-webm-vp8: eb34c28f22e8b96e1ab97ce403110664 -> 
  custom:audio-encoder-webm-vorbis: bf7c407c2cedff20999df2af8eb42d56 -> 
  custom:framework-win-MediaFoundation: 216162199b28c13a410421893ffa2e32 -> 
  custom:container-demuxer-ogg: 62fdf1f143b41e24485cea50d1cbac27 -> 
  custom:video-decoder-webm-vp8: 9c59270c3fd7afecdb556c50c9e8de78 -> 
  custom:audio-decoder-ogg-vorbis: bf7c407c2cedff20999df2af8eb42d56 -> 
========================================================================
Received Import Request.
  Time since last request: 158.022268 seconds.
  path: Assets/Scripts/BombPickup.cs
  artifactKey: Guid(c73e86781a6314e5e9da831a05776ed6) Importer(815301076,1909f56bfc062723c751e8b465ee728b)
Start importing Assets/Scripts/BombPickup.cs using Guid(c73e86781a6314e5e9da831a05776ed6) Importer(815301076,1909f56bfc062723c751e8b465ee728b)  -> (artifact id: '55de9d722162ec97be914b689e89f9f3') in 0.020550 seconds 
========================================================================
Received Prepare
Registering precompiled user dll's ...
Registered in 0.009208 seconds.
Begin MonoManager ReloadAssembly
Native extension for WindowsStandalone target not found
Native extension for WebGL target not found
Refreshing native plugins compatible for Editor in 1.12 ms, found 2 plugins.
Preloading 0 native plugins for Editor in 0.00 ms.
Mono: successfully reloaded assembly
- Completed reload, in  1.223 seconds
Domain Reload Profiling:
	ReloadAssembly (1225ms)
		BeginReloadAssembly (183ms)
			ExecutionOrderSort (0ms)
			DisableScriptedObjects (17ms)
			BackupInstance (0ms)
			ReleaseScriptingObjects (0ms)
			CreateAndSetChildDomain (58ms)
		EndReloadAssembly (928ms)
			LoadAssemblies (102ms)
			RebuildTransferFunctionScriptingTraits (0ms)
			SetupTypeCache (222ms)
			ReleaseScriptCaches (1ms)
			RebuildScriptCaches (49ms)
			SetupLoadedEditorAssemblies (508ms)
				LogAssemblyErrors (0ms)
				InitializePlatformSupportModulesInManaged (18ms)
				SetLoadedEditorAssemblies (1ms)
				RefreshPlugins (1ms)
				BeforeProcessingInitializeOnLoad (83ms)
				ProcessInitializeOnLoadAttributes (216ms)
				ProcessInitializeOnLoadMethodAttributes (177ms)
				AfterProcessingInitializeOnLoad (12ms)
				EditorAssembliesLoaded (0ms)
			ExecutionOrderSort2 (0ms)
			AwakeInstancesAfterBackupRestoration (9ms)
Platform modules already initialized, skipping
Refreshing native plugins compatible for Editor in 15.26 ms, found 2 plugins.
Preloading 0 native plugins for Editor in 0.00 ms.
Unloading 2328 Unused Serialized files (Serialized files now loaded: 0)
Unloading 49 unused Assets / (32.8 KB). Loaded Objects now: 2860.
Memory consumption went from 93.9 MB to 93.8 MB.
Total: 11.807500 ms (FindLiveObjects: 0.366200 ms CreateObjectMapping: 0.334500 ms MarkObjects: 10.975600 ms  DeleteObjects: 0.128500 ms)

AssetImportParameters requested are different than current active one (requested -> active):
  custom:video-decoder-ogg-theora: a1e56fd34408186e4bbccfd4996cb3dc -> 
  custom:container-muxer-webm: aa71ff27fc2769a1b78a27578f13a17b -> 
  custom:container-demuxer-webm: 4f35f7cbe854078d1ac9338744f61a02 -> 
  custom:video-encoder-webm-vp8: eb34c28f22e8b96e1ab97ce403110664 -> 
  custom:audio-encoder-webm-vorbis: bf7c407c2cedff20999df2af8eb42d56 -> 
  custom:framework-win-MediaFoundation: 216162199b28c13a410421893ffa2e32 -> 
  custom:container-demuxer-ogg: 62fdf1f143b41e24485cea50d1cbac27 -> 
  custom:video-decoder-webm-vp8: 9c59270c3fd7afecdb556c50c9e8de78 -> 
  custom:audio-decoder-ogg-vorbis: bf7c407c2cedff20999df2af8eb42d56 -> 
========================================================================
Received Import Request.
  Time since last request: 98.318833 seconds.
  path: Assets/Prefabs/Props/bombCrate.prefab
  artifactKey: Guid(f14f67cf21d1d440181dad13051efd97) Importer(815301076,1909f56bfc062723c751e8b465ee728b)
Start importing Assets/Prefabs/Props/bombCrate.prefab using Guid(f14f67cf21d1d440181dad13051efd97) Importer(815301076,1909f56bfc062723c751e8b465ee728b)  -> (artifact id: '58fafecaa5531e8463d935167aee6443') in 0.143306 seconds 
========================================================================
Received Import Request.
  Time since last request: 483.317124 seconds.
  path: Assets/Animation/Clips/BombLanding.anim
  artifactKey: Guid(376d9eadc25804c32a9162454f4f508c) Importer(815301076,1909f56bfc062723c751e8b465ee728b)
Start importing Assets/Animation/Clips/BombLanding.anim using Guid(376d9eadc25804c32a9162454f4f508c) Importer(815301076,1909f56bfc062723c751e8b465ee728b)  -> (artifact id: '4a8b0b851aed79ece94871d1c3ecc513') in 0.014709 seconds 
